ID,year,month,tifPath,Target,class
ID_Mrbi2k_Jan,2024,Jan,/content/drive/MyDrive/all_images_s2/s2_Rubber_ID_Mrbi2k_2024_01.tif,Rubber,3
ID_ORmFYt_Jan,2024,Jan,/content/drive/MyDrive/all_images_s2/s2_Rubber_ID_ORmFYt_2024_01.tif,Rubber,3
ID_2j2bjN_Jan,2024,Jan,/content/drive/MyDrive/all_images_s2/s2_Rubber_ID_2j2bjN_2024_01.tif,Rubber,3
ID_GsdWS5_Jan,2024,Jan,/content/drive/MyDrive/all_images_s2/s2_Rubber_ID_GsdWS5_2024_01.tif,Rubber,3
ID_zEYtR5_Jan,2024,Jan,/content/drive/MyDrive/all_images_s2/s2_Rubber_ID_zEYtR5_2024_01.tif,Rubber,3
ID_IODka8_Jan,2024,Jan,/content/drive/MyDrive/all_images_s2/s2_Rubber_ID_IODka8_2024_01.tif,Rubber,3
ID_le3tqk_Jan,2024,Jan,/content/drive/MyDrive/all_images_s2/s2_Palm_ID_le3tqk_2024_01.tif,Palm,2
ID_1tF3p3_Jan,2024,Jan,/content/drive/MyDrive/all_images_s2/s2_Palm_ID_1tF3p3_2024_01.tif,Palm,2
ID_T8lCHY_Jan,2024,Jan,/content/drive/MyDrive/all_images_s2/s2_Palm_ID_T8lCHY_2024_01.tif,Palm,2
ID_rxbX82_Jan,2024,Jan,/content/drive/MyDrive/all_images_s2/s2_Rubber_ID_rxbX82_2024_01.tif,Rubber,3
ID_LHhXIM_Jan,2024,Jan,/content/drive/MyDrive/all_images_s2/s2_Rubber_ID_LHhXIM_2024_01.tif,Rubber,3
ID_QvhXbp_Jan,2024,Jan,/content/drive/MyDrive/all_images_s2/s2_Rubber_ID_QvhXbp_2024_01.tif,Rubber,3
ID_UOldNK_Jan,2024,Jan,/content/drive/MyDrive/all_images_s2/s2_Rubber_ID_UOldNK_2024_01.tif,Rubber,3
ID_kUUCG0_Jan,2024,Jan,/content/drive/MyDrive/all_images_s2/s2_Rubber_ID_kUUCG0_2024_01.tif,Rubber,3
ID_OyPPp5_Jan,2024,Jan,/content/drive/MyDrive/all_images_s2/s2_Palm_ID_OyPPp5_2024_01.tif,Palm,2
ID_FRqIUU_Jan,2024,Jan,/content/drive/MyDrive/all_images_s2/s2_Rubber_ID_FRqIUU_2024_01.tif,Rubber,3
ID_YJinHH_Jan,2024,Jan,/content/drive/MyDrive/all_images_s2/s2_Palm_ID_YJinHH_2024_01.tif,Palm,2
ID_ekF9Qa_Jan,2024,Jan,/content/drive/MyDrive/all_images_s2/s2_Rubber_ID_ekF9Qa_2024_01.tif,Rubber,3
ID_VLYxun_Jan,2024,Jan,/content/drive/MyDrive/all_images_s2/s2_Rubber_ID_VLYxun_2024_01.tif,Rubber,3
ID_6pnPw0_Jan,2024,Jan,/content/drive/MyDrive/all_images_s2/s2_Rubber_ID_6pnPw0_2024_01.tif,Rubber,3
ID_RwEXwv_Jan,2024,Jan,/content/drive/MyDrive/all_images_s2/s2_Rubber_ID_RwEXwv_2024_01.tif,Rubber,3
ID_VpWf38_Jan,2024,Jan,/content/drive/MyDrive/all_images_s2/s2_Rubber_ID_VpWf38_2024_01.tif,Rubber,3
ID_Rm9nOn_Jan,2024,Jan,/content/drive/MyDrive/all_images_s2/s2_Rubber_ID_Rm9nOn_2024_01.tif,Rubber,3
ID_M0FV43_Jan,2024,Jan,/content/drive/MyDrive/all_images_s2/s2_Palm_ID_M0FV43_2024_01.tif,Palm,2
ID_VF6XpD_Jan,2024,Jan,/content/drive/MyDrive/all_images_s2/s2_Rubber_ID_VF6XpD_2024_01.tif,Rubber,3
ID_BMzlcH_Jan,2024,Jan,/content/drive/MyDrive/all_images_s2/s2_Rubber_ID_BMzlcH_2024_01.tif,Rubber,3
ID_E2D5jc_Jan,2024,Jan,/content/drive/MyDrive/all_images_s2/s2_Rubber_ID_E2D5jc_2024_01.tif,Rubber,3
ID_FehV6w_Jan,2024,Jan,/content/drive/MyDrive/all_images_s2/s2_Rubber_ID_FehV6w_2024_01.tif,Rubber,3
ID_0sJl83_Jan,2024,Jan,/content/drive/MyDrive/all_images_s2/s2_Rubber_ID_0sJl83_2024_01.tif,Rubber,3
ID_K3xZ7T_Jan,2024,Jan,/content/drive/MyDrive/all_images_s2/s2_Rubber_ID_K3xZ7T_2024_01.tif,Rubber,3
ID_Dhtjxd_Jan,2024,Jan,/content/drive/MyDrive/all_images_s2/s2_Rubber_ID_Dhtjxd_2024_01.tif,Rubber,3
ID_clLyC0_Jan,2024,Jan,/content/drive/MyDrive/all_images_s2/s2_Rubber_ID_clLyC0_2024_01.tif,Rubber,3
ID_v3fBaq_Jan,2024,Jan,/content/drive/MyDrive/all_images_s2/s2_Palm_ID_v3fBaq_2024_01.tif,Palm,2
ID_LlRDQg_Jan,2024,Jan,/content/drive/MyDrive/all_images_s2/s2_Rubber_ID_LlRDQg_2024_01.tif,Rubber,3
ID_LobED8_Jan,2024,Jan,/content/drive/MyDrive/all_images_s2/s2_Palm_ID_LobED8_2024_01.tif,Palm,2
ID_JabLPB_Jan,2024,Jan,/content/drive/MyDrive/all_images_s2/s2_Rubber_ID_JabLPB_2024_01.tif,Rubber,3
ID_QvLAHZ_Jan,2024,Jan,/content/drive/MyDrive/all_images_s2/s2_Palm_ID_QvLAHZ_2024_01.tif,Palm,2
ID_7YD3bo_Jan,2024,Jan,/content/drive/MyDrive/all_images_s2/s2_Rubber_ID_7YD3bo_2024_01.tif,Rubber,3
ID_8cSjBg_Jan,2024,Jan,/content/drive/MyDrive/all_images_s2/s2_Rubber_ID_8cSjBg_2024_01.tif,Rubber,3
ID_TU4pFg_Jan,2024,Jan,/content/drive/MyDrive/all_images_s2/s2_Rubber_ID_TU4pFg_2024_01.tif,Rubber,3
ID_dfsNga_Jan,2024,Jan,/content/drive/MyDrive/all_images_s2/s2_Rubber_ID_dfsNga_2024_01.tif,Rubber,3
ID_CsZ3JH_Jan,2024,Jan,/content/drive/MyDrive/all_images_s2/s2_Rubber_ID_CsZ3JH_2024_01.tif,Rubber,3
ID_Bj7MTN_Jan,2024,Jan,/content/drive/MyDrive/all_images_s2/s2_Rubber_ID_Bj7MTN_2024_01.tif,Rubber,3
ID_Znd7SI_Jan,2024,Jan,/content/drive/MyDrive/all_images_s2/s2_Palm_ID_Znd7SI_2024_01.tif,Palm,2
ID_pnS9Se_Jan,2024,Jan,/content/drive/MyDrive/all_images_s2/s2_Palm_ID_pnS9Se_2024_01.tif,Palm,2
ID_5CNVDw_Jan,2024,Jan,/content/drive/MyDrive/all_images_s2/s2_Palm_ID_5CNVDw_2024_01.tif,Palm,2
ID_R1dYN1_Jan,2024,Jan,/content/drive/MyDrive/all_images_s2/s2_Rubber_ID_R1dYN1_2024_01.tif,Rubber,3
ID_i5LvxZ_Jan,2024,Jan,/content/drive/MyDrive/all_images_s2/s2_Rubber_ID_i5LvxZ_2024_01.tif,Rubber,3
ID_LK2SqG_Jan,2024,Jan,/content/drive/MyDrive/all_images_s2/s2_Rubber_ID_LK2SqG_2024_01.tif,Rubber,3
ID_rY45AH_Jan,2024,Jan,/content/drive/MyDrive/all_images_s2/s2_Rubber_ID_rY45AH_2024_01.tif,Rubber,3
ID_TYAFop_Jan,2024,Jan,/content/drive/MyDrive/all_images_s2/s2_Palm_ID_TYAFop_2024_01.tif,Palm,2
ID_Io0SrR_Jan,2024,Jan,/content/drive/MyDrive/all_images_s2/s2_Palm_ID_Io0SrR_2024_01.tif,Palm,2
ID_0YYgWo_Jan,2024,Jan,/content/drive/MyDrive/all_images_s2/s2_Rubber_ID_0YYgWo_2024_01.tif,Rubber,3
ID_WfpDgN_Jan,2024,Jan,/content/drive/MyDrive/all_images_s2/s2_Rubber_ID_WfpDgN_2024_01.tif,Rubber,3
ID_Q2ZXpm_Jan,2024,Jan,/content/drive/MyDrive/all_images_s2/s2_Rubber_ID_Q2ZXpm_2024_01.tif,Rubber,3
ID_SPxA6d_Jan,2024,Jan,/content/drive/MyDrive/all_images_s2/s2_Rubber_ID_SPxA6d_2024_01.tif,Rubber,3
ID_6nbrd0_Jan,2024,Jan,/content/drive/MyDrive/all_images_s2/s2_Palm_ID_6nbrd0_2024_01.tif,Palm,2
ID_HUL5wY_Jan,2024,Jan,/content/drive/MyDrive/all_images_s2/s2_Rubber_ID_HUL5wY_2024_01.tif,Rubber,3
ID_06xx2d_Jan,2024,Jan,/content/drive/MyDrive/all_images_s2/s2_Palm_ID_06xx2d_2024_01.tif,Palm,2
ID_p1pS65_Jan,2024,Jan,/content/drive/MyDrive/all_images_s2/s2_Palm_ID_p1pS65_2024_01.tif,Palm,2
ID_idwmsM_Jan,2024,Jan,/content/drive/MyDrive/all_images_s2/s2_Rubber_ID_idwmsM_2024_01.tif,Rubber,3
ID_PUVafx_Jan,2024,Jan,/content/drive/MyDrive/all_images_s2/s2_Palm_ID_PUVafx_2024_01.tif,Palm,2
ID_NedPL4_Jan,2024,Jan,/content/drive/MyDrive/all_images_s2/s2_Rubber_ID_NedPL4_2024_01.tif,Rubber,3
ID_yAAlSR_Jan,2024,Jan,/content/drive/MyDrive/all_images_s2/s2_Rubber_ID_yAAlSR_2024_01.tif,Rubber,3
ID_IJjqdu_Jan,2024,Jan,/content/drive/MyDrive/all_images_s2/s2_Rubber_ID_IJjqdu_2024_01.tif,Rubber,3
ID_RnpaCz_Jan,2024,Jan,/content/drive/MyDrive/all_images_s2/s2_Rubber_ID_RnpaCz_2024_01.tif,Rubber,3
ID_bsvY6T_Jan,2024,Jan,/content/drive/MyDrive/all_images_s2/s2_Rubber_ID_bsvY6T_2024_01.tif,Rubber,3
ID_pAWsPw_Jan,2024,Jan,/content/drive/MyDrive/all_images_s2/s2_Rubber_ID_pAWsPw_2024_01.tif,Rubber,3
ID_7dsfp3_Jan,2024,Jan,/content/drive/MyDrive/all_images_s2/s2_Rubber_ID_7dsfp3_2024_01.tif,Rubber,3
ID_04zn1v_Jan,2024,Jan,/content/drive/MyDrive/all_images_s2/s2_Palm_ID_04zn1v_2024_01.tif,Palm,2
ID_0dlRy0_Jan,2024,Jan,/content/drive/MyDrive/all_images_s2/s2_Rubber_ID_0dlRy0_2024_01.tif,Rubber,3
ID_igqN00_Jan,2024,Jan,/content/drive/MyDrive/all_images_s2/s2_Rubber_ID_igqN00_2024_01.tif,Rubber,3
ID_cVq172_Jan,2024,Jan,/content/drive/MyDrive/all_images_s2/s2_Rubber_ID_cVq172_2024_01.tif,Rubber,3
ID_sx7rBL_Jan,2024,Jan,/content/drive/MyDrive/all_images_s2/s2_Rubber_ID_sx7rBL_2024_01.tif,Rubber,3
ID_3lQwbD_Jan,2024,Jan,/content/drive/MyDrive/all_images_s2/s2_Rubber_ID_3lQwbD_2024_01.tif,Rubber,3
ID_xF1XSH_Jan,2024,Jan,/content/drive/MyDrive/all_images_s2/s2_Rubber_ID_xF1XSH_2024_01.tif,Rubber,3
ID_6eHycb_Jan,2024,Jan,/content/drive/MyDrive/all_images_s2/s2_Rubber_ID_6eHycb_2024_01.tif,Rubber,3
ID_RUW3QE_Jan,2024,Jan,/content/drive/MyDrive/all_images_s2/s2_Rubber_ID_RUW3QE_2024_01.tif,Rubber,3
ID_8Da38f_Jan,2024,Jan,/content/drive/MyDrive/all_images_s2/s2_Rubber_ID_8Da38f_2024_01.tif,Rubber,3
ID_GAFhat_Jan,2024,Jan,/content/drive/MyDrive/all_images_s2/s2_Palm_ID_GAFhat_2024_01.tif,Palm,2
ID_TiXCKH_Jan,2024,Jan,/content/drive/MyDrive/all_images_s2/s2_Palm_ID_TiXCKH_2024_01.tif,Palm,2
ID_vPTl7T_Jan,2024,Jan,/content/drive/MyDrive/all_images_s2/s2_Rubber_ID_vPTl7T_2024_01.tif,Rubber,3
ID_uTNBby_Jan,2024,Jan,/content/drive/MyDrive/all_images_s2/s2_Rubber_ID_uTNBby_2024_01.tif,Rubber,3
ID_lEoJWF_Jan,2024,Jan,/content/drive/MyDrive/all_images_s2/s2_Rubber_ID_lEoJWF_2024_01.tif,Rubber,3
ID_k2mnHs_Jan,2024,Jan,/content/drive/MyDrive/all_images_s2/s2_Rubber_ID_k2mnHs_2024_01.tif,Rubber,3
ID_rRnHzE_Jan,2024,Jan,/content/drive/MyDrive/all_images_s2/s2_Rubber_ID_rRnHzE_2024_01.tif,Rubber,3
ID_uhUbmN_Jan,2024,Jan,/content/drive/MyDrive/all_images_s2/s2_Rubber_ID_uhUbmN_2024_01.tif,Rubber,3
ID_thIgn4_Jan,2024,Jan,/content/drive/MyDrive/all_images_s2/s2_Rubber_ID_thIgn4_2024_01.tif,Rubber,3
ID_2lVEMq_Jan,2024,Jan,/content/drive/MyDrive/all_images_s2/s2_Palm_ID_2lVEMq_2024_01.tif,Palm,2
ID_FtI26R_Jan,2024,Jan,/content/drive/MyDrive/all_images_s2/s2_Rubber_ID_FtI26R_2024_01.tif,Rubber,3
ID_29PfPM_Jan,2024,Jan,/content/drive/MyDrive/all_images_s2/s2_Cocoa_ID_29PfPM_2024_01.tif,Cocoa,1
ID_dRxNKE_Jan,2024,Jan,/content/drive/MyDrive/all_images_s2/s2_Palm_ID_dRxNKE_2024_01.tif,Palm,2
ID_qndkRy_Jan,2024,Jan,/content/drive/MyDrive/all_images_s2/s2_Rubber_ID_qndkRy_2024_01.tif,Rubber,3
ID_Xc0WXY_Jan,2024,Jan,/content/drive/MyDrive/all_images_s2/s2_Palm_ID_Xc0WXY_2024_01.tif,Palm,2
ID_LmyVub_Jan,2024,Jan,/content/drive/MyDrive/all_images_s2/s2_Rubber_ID_LmyVub_2024_01.tif,Rubber,3
ID_9Kw2v8_Jan,2024,Jan,/content/drive/MyDrive/all_images_s2/s2_Rubber_ID_9Kw2v8_2024_01.tif,Rubber,3
ID_kwAcOn_Jan,2024,Jan,/content/drive/MyDrive/all_images_s2/s2_Rubber_ID_kwAcOn_2024_01.tif,Rubber,3
ID_Ihu7g0_Jan,2024,Jan,/content/drive/MyDrive/all_images_s2/s2_Rubber_ID_Ihu7g0_2024_01.tif,Rubber,3
ID_ASIEdQ_Jan,2024,Jan,/content/drive/MyDrive/all_images_s2/s2_Rubber_ID_ASIEdQ_2024_01.tif,Rubber,3
ID_aFtVC4_Jan,2024,Jan,/content/drive/MyDrive/all_images_s2/s2_Palm_ID_aFtVC4_2024_01.tif,Palm,2
ID_cGE4FI_Jan,2024,Jan,/content/drive/MyDrive/all_images_s2/s2_Rubber_ID_cGE4FI_2024_01.tif,Rubber,3
ID_0kgypg_Jan,2024,Jan,/content/drive/MyDrive/all_images_s2/s2_Palm_ID_0kgypg_2024_01.tif,Palm,2
ID_dy8BV0_Jan,2024,Jan,/content/drive/MyDrive/all_images_s2/s2_Palm_ID_dy8BV0_2024_01.tif,Palm,2
ID_gAyMNz_Jan,2024,Jan,/content/drive/MyDrive/all_images_s2/s2_Rubber_ID_gAyMNz_2024_01.tif,Rubber,3
ID_l0rnJT_Jan,2024,Jan,/content/drive/MyDrive/all_images_s2/s2_Rubber_ID_l0rnJT_2024_01.tif,Rubber,3
ID_ZVjNim_Jan,2024,Jan,/content/drive/MyDrive/all_images_s2/s2_Rubber_ID_ZVjNim_2024_01.tif,Rubber,3
ID_bwXnBg_Jan,2024,Jan,/content/drive/MyDrive/all_images_s2/s2_Rubber_ID_bwXnBg_2024_01.tif,Rubber,3
ID_g0GDB0_Jan,2024,Jan,/content/drive/MyDrive/all_images_s2/s2_Rubber_ID_g0GDB0_2024_01.tif,Rubber,3
ID_knRvb2_Jan,2024,Jan,/content/drive/MyDrive/all_images_s2/s2_Rubber_ID_knRvb2_2024_01.tif,Rubber,3
ID_E6OOmg_Jan,2024,Jan,/content/drive/MyDrive/all_images_s2/s2_Palm_ID_E6OOmg_2024_01.tif,Palm,2
ID_fdU8jg_Jan,2024,Jan,/content/drive/MyDrive/all_images_s2/s2_Rubber_ID_fdU8jg_2024_01.tif,Rubber,3
ID_5g9YBx_Jan,2024,Jan,/content/drive/MyDrive/all_images_s2/s2_Rubber_ID_5g9YBx_2024_01.tif,Rubber,3
ID_49Jq6f_Jan,2024,Jan,/content/drive/MyDrive/all_images_s2/s2_Rubber_ID_49Jq6f_2024_01.tif,Rubber,3
ID_qPBvqF_Jan,2024,Jan,/content/drive/MyDrive/all_images_s2/s2_Rubber_ID_qPBvqF_2024_01.tif,Rubber,3
ID_PaMtOc_Jan,2024,Jan,/content/drive/MyDrive/all_images_s2/s2_Rubber_ID_PaMtOc_2024_01.tif,Rubber,3
ID_EPhsaJ_Jan,2024,Jan,/content/drive/MyDrive/all_images_s2/s2_Palm_ID_EPhsaJ_2024_01.tif,Palm,2
ID_hwMIjh_Jan,2024,Jan,/content/drive/MyDrive/all_images_s2/s2_Palm_ID_hwMIjh_2024_01.tif,Palm,2
ID_145fCU_Jan,2024,Jan,/content/drive/MyDrive/all_images_s2/s2_Palm_ID_145fCU_2024_01.tif,Palm,2
ID_9Z9L2q_Jan,2024,Jan,/content/drive/MyDrive/all_images_s2/s2_Rubber_ID_9Z9L2q_2024_01.tif,Rubber,3
ID_sxlxJ4_Jan,2024,Jan,/content/drive/MyDrive/all_images_s2/s2_Rubber_ID_sxlxJ4_2024_01.tif,Rubber,3
ID_Afb252_Jan,2024,Jan,/content/drive/MyDrive/all_images_s2/s2_Palm_ID_Afb252_2024_01.tif,Palm,2
ID_Ia0T22_Jan,2024,Jan,/content/drive/MyDrive/all_images_s2/s2_Rubber_ID_Ia0T22_2024_01.tif,Rubber,3
ID_icRLW5_Jan,2024,Jan,/content/drive/MyDrive/all_images_s2/s2_Palm_ID_icRLW5_2024_01.tif,Palm,2
ID_Ag3uu4_Jan,2024,Jan,/content/drive/MyDrive/all_images_s2/s2_Rubber_ID_Ag3uu4_2024_01.tif,Rubber,3
ID_XRdBzA_Jan,2024,Jan,/content/drive/MyDrive/all_images_s2/s2_Palm_ID_XRdBzA_2024_01.tif,Palm,2
ID_ODN8EJ_Jan,2024,Jan,/content/drive/MyDrive/all_images_s2/s2_Rubber_ID_ODN8EJ_2024_01.tif,Rubber,3
ID_JUwN76_Jan,2024,Jan,/content/drive/MyDrive/all_images_s2/s2_Rubber_ID_JUwN76_2024_01.tif,Rubber,3
ID_ZieYTN_Jan,2024,Jan,/content/drive/MyDrive/all_images_s2/s2_Palm_ID_ZieYTN_2024_01.tif,Palm,2
ID_5tFMMz_Jan,2024,Jan,/content/drive/MyDrive/all_images_s2/s2_Palm_ID_5tFMMz_2024_01.tif,Palm,2
ID_9YsxKz_Jan,2024,Jan,/content/drive/MyDrive/all_images_s2/s2_Rubber_ID_9YsxKz_2024_01.tif,Rubber,3
ID_FlWy2p_Jan,2024,Jan,/content/drive/MyDrive/all_images_s2/s2_Rubber_ID_FlWy2p_2024_01.tif,Rubber,3
ID_qDj14n_Jan,2024,Jan,/content/drive/MyDrive/all_images_s2/s2_Rubber_ID_qDj14n_2024_01.tif,Rubber,3
ID_FXZQ1U_Jan,2024,Jan,/content/drive/MyDrive/all_images_s2/s2_Rubber_ID_FXZQ1U_2024_01.tif,Rubber,3
ID_ZV7sJz_Jan,2024,Jan,/content/drive/MyDrive/all_images_s2/s2_Rubber_ID_ZV7sJz_2024_01.tif,Rubber,3
ID_V49hP1_Jan,2024,Jan,/content/drive/MyDrive/all_images_s2/s2_Rubber_ID_V49hP1_2024_01.tif,Rubber,3
ID_uDKqaR_Jan,2024,Jan,/content/drive/MyDrive/all_images_s2/s2_Palm_ID_uDKqaR_2024_01.tif,Palm,2
ID_FSW439_Jan,2024,Jan,/content/drive/MyDrive/all_images_s2/s2_Rubber_ID_FSW439_2024_01.tif,Rubber,3
ID_58Dlbk_Jan,2024,Jan,/content/drive/MyDrive/all_images_s2/s2_Rubber_ID_58Dlbk_2024_01.tif,Rubber,3
ID_vwJYvD_Jan,2024,Jan,/content/drive/MyDrive/all_images_s2/s2_Rubber_ID_vwJYvD_2024_01.tif,Rubber,3
ID_0A39pL_Jan,2024,Jan,/content/drive/MyDrive/all_images_s2/s2_Palm_ID_0A39pL_2024_01.tif,Palm,2
ID_2KUQh4_Jan,2024,Jan,/content/drive/MyDrive/all_images_s2/s2_Palm_ID_2KUQh4_2024_01.tif,Palm,2
ID_tTaPMZ_Jan,2024,Jan,/content/drive/MyDrive/all_images_s2/s2_Palm_ID_tTaPMZ_2024_01.tif,Palm,2
ID_L3gP1p_Jan,2024,Jan,/content/drive/MyDrive/all_images_s2/s2_Rubber_ID_L3gP1p_2024_01.tif,Rubber,3
ID_HAzsfF_Jan,2024,Jan,/content/drive/MyDrive/all_images_s2/s2_Palm_ID_HAzsfF_2024_01.tif,Palm,2
ID_FKoOS9_Jan,2024,Jan,/content/drive/MyDrive/all_images_s2/s2_Rubber_ID_FKoOS9_2024_01.tif,Rubber,3
ID_MeNUmP_Jan,2024,Jan,/content/drive/MyDrive/all_images_s2/s2_Rubber_ID_MeNUmP_2024_01.tif,Rubber,3
ID_Ri6FUY_Jan,2024,Jan,/content/drive/MyDrive/all_images_s2/s2_Rubber_ID_Ri6FUY_2024_01.tif,Rubber,3
ID_vUq7U9_Jan,2024,Jan,/content/drive/MyDrive/all_images_s2/s2_Rubber_ID_vUq7U9_2024_01.tif,Rubber,3
ID_lSaIiJ_Jan,2024,Jan,/content/drive/MyDrive/all_images_s2/s2_Rubber_ID_lSaIiJ_2024_01.tif,Rubber,3
ID_9lsWND_Jan,2024,Jan,/content/drive/MyDrive/all_images_s2/s2_Rubber_ID_9lsWND_2024_01.tif,Rubber,3
ID_RK3NBD_Jan,2024,Jan,/content/drive/MyDrive/all_images_s2/s2_Palm_ID_RK3NBD_2024_01.tif,Palm,2
ID_kDhhnA_Jan,2024,Jan,/content/drive/MyDrive/all_images_s2/s2_Palm_ID_kDhhnA_2024_01.tif,Palm,2
ID_Ahbobh_Jan,2024,Jan,/content/drive/MyDrive/all_images_s2/s2_Rubber_ID_Ahbobh_2024_01.tif,Rubber,3
ID_tfkYRE_Jan,2024,Jan,/content/drive/MyDrive/all_images_s2/s2_Rubber_ID_tfkYRE_2024_01.tif,Rubber,3
ID_HuWrr8_Jan,2024,Jan,/content/drive/MyDrive/all_images_s2/s2_Rubber_ID_HuWrr8_2024_01.tif,Rubber,3
ID_RF6im9_Jan,2024,Jan,/content/drive/MyDrive/all_images_s2/s2_Palm_ID_RF6im9_2024_01.tif,Palm,2
ID_PjGYYo_Jan,2024,Jan,/content/drive/MyDrive/all_images_s2/s2_Rubber_ID_PjGYYo_2024_01.tif,Rubber,3
ID_LpcJtH_Jan,2024,Jan,/content/drive/MyDrive/all_images_s2/s2_Rubber_ID_LpcJtH_2024_01.tif,Rubber,3
ID_x1o8MZ_Jan,2024,Jan,/content/drive/MyDrive/all_images_s2/s2_Rubber_ID_x1o8MZ_2024_01.tif,Rubber,3
ID_su9xHb_Jan,2024,Jan,/content/drive/MyDrive/all_images_s2/s2_Rubber_ID_su9xHb_2024_01.tif,Rubber,3
ID_ammPbc_Jan,2024,Jan,/content/drive/MyDrive/all_images_s2/s2_Rubber_ID_ammPbc_2024_01.tif,Rubber,3
ID_y8JGhY_Jan,2024,Jan,/content/drive/MyDrive/all_images_s2/s2_Rubber_ID_y8JGhY_2024_01.tif,Rubber,3
ID_P6N6cu_Jan,2024,Jan,/content/drive/MyDrive/all_images_s2/s2_Rubber_ID_P6N6cu_2024_01.tif,Rubber,3
ID_oqZbtN_Jan,2024,Jan,/content/drive/MyDrive/all_images_s2/s2_Palm_ID_oqZbtN_2024_01.tif,Palm,2
ID_pJ5Ts6_Jan,2024,Jan,/content/drive/MyDrive/all_images_s2/s2_Rubber_ID_pJ5Ts6_2024_01.tif,Rubber,3
ID_7f9B6I_Jan,2024,Jan,/content/drive/MyDrive/all_images_s2/s2_Rubber_ID_7f9B6I_2024_01.tif,Rubber,3
ID_BOKYj4_Jan,2024,Jan,/content/drive/MyDrive/all_images_s2/s2_Rubber_ID_BOKYj4_2024_01.tif,Rubber,3
ID_SEhKgz_Jan,2024,Jan,/content/drive/MyDrive/all_images_s2/s2_Palm_ID_SEhKgz_2024_01.tif,Palm,2
ID_wWc1TP_Jan,2024,Jan,/content/drive/MyDrive/all_images_s2/s2_Rubber_ID_wWc1TP_2024_01.tif,Rubber,3
ID_SMcJOo_Jan,2024,Jan,/content/drive/MyDrive/all_images_s2/s2_Rubber_ID_SMcJOo_2024_01.tif,Rubber,3
ID_v05K09_Jan,2024,Jan,/content/drive/MyDrive/all_images_s2/s2_Rubber_ID_v05K09_2024_01.tif,Rubber,3
ID_FO8X7f_Jan,2024,Jan,/content/drive/MyDrive/all_images_s2/s2_Rubber_ID_FO8X7f_2024_01.tif,Rubber,3
ID_oXJefH_Jan,2024,Jan,/content/drive/MyDrive/all_images_s2/s2_Palm_ID_oXJefH_2024_01.tif,Palm,2
ID_eUTh7Y_Jan,2024,Jan,/content/drive/MyDrive/all_images_s2/s2_Palm_ID_eUTh7Y_2024_01.tif,Palm,2
ID_5fZI0b_Jan,2024,Jan,/content/drive/MyDrive/all_images_s2/s2_Rubber_ID_5fZI0b_2024_01.tif,Rubber,3
ID_D1OOTZ_Jan,2024,Jan,/content/drive/MyDrive/all_images_s2/s2_Rubber_ID_D1OOTZ_2024_01.tif,Rubber,3
ID_hoCopv_Jan,2024,Jan,/content/drive/MyDrive/all_images_s2/s2_Palm_ID_hoCopv_2024_01.tif,Palm,2
ID_jrXa85_Jan,2024,Jan,/content/drive/MyDrive/all_images_s2/s2_Palm_ID_jrXa85_2024_01.tif,Palm,2
ID_GJhes8_Jan,2024,Jan,/content/drive/MyDrive/all_images_s2/s2_Rubber_ID_GJhes8_2024_01.tif,Rubber,3
ID_RIq0yz_Jan,2024,Jan,/content/drive/MyDrive/all_images_s2/s2_Rubber_ID_RIq0yz_2024_01.tif,Rubber,3
ID_dUqioi_Jan,2024,Jan,/content/drive/MyDrive/all_images_s2/s2_Rubber_ID_dUqioi_2024_01.tif,Rubber,3
ID_eILuiS_Jan,2024,Jan,/content/drive/MyDrive/all_images_s2/s2_Rubber_ID_eILuiS_2024_01.tif,Rubber,3
ID_vb8Tei_Jan,2024,Jan,/content/drive/MyDrive/all_images_s2/s2_Palm_ID_vb8Tei_2024_01.tif,Palm,2
ID_c7ArTu_Jan,2024,Jan,/content/drive/MyDrive/all_images_s2/s2_Rubber_ID_c7ArTu_2024_01.tif,Rubber,3
ID_CbSoAU_Jan,2024,Jan,/content/drive/MyDrive/all_images_s2/s2_Rubber_ID_CbSoAU_2024_01.tif,Rubber,3
ID_8CRgje_Jan,2024,Jan,/content/drive/MyDrive/all_images_s2/s2_Rubber_ID_8CRgje_2024_01.tif,Rubber,3
ID_TGGlPt_Jan,2024,Jan,/content/drive/MyDrive/all_images_s2/s2_Rubber_ID_TGGlPt_2024_01.tif,Rubber,3
ID_yoLTef_Jan,2024,Jan,/content/drive/MyDrive/all_images_s2/s2_Rubber_ID_yoLTef_2024_01.tif,Rubber,3
ID_39dbGY_Jan,2024,Jan,/content/drive/MyDrive/all_images_s2/s2_Palm_ID_39dbGY_2024_01.tif,Palm,2
ID_5Xz5zs_Jan,2024,Jan,/content/drive/MyDrive/all_images_s2/s2_Palm_ID_5Xz5zs_2024_01.tif,Palm,2
ID_spYa6i_Jan,2024,Jan,/content/drive/MyDrive/all_images_s2/s2_Palm_ID_spYa6i_2024_01.tif,Palm,2
ID_QnoBhb_Jan,2024,Jan,/content/drive/MyDrive/all_images_s2/s2_Rubber_ID_QnoBhb_2024_01.tif,Rubber,3
ID_hnqoWx_Jan,2024,Jan,/content/drive/MyDrive/all_images_s2/s2_Rubber_ID_hnqoWx_2024_01.tif,Rubber,3
ID_c2VGlv_Jan,2024,Jan,/content/drive/MyDrive/all_images_s2/s2_Rubber_ID_c2VGlv_2024_01.tif,Rubber,3
ID_Mj0Ou2_Jan,2024,Jan,/content/drive/MyDrive/all_images_s2/s2_Rubber_ID_Mj0Ou2_2024_01.tif,Rubber,3
ID_cNFha2_Jan,2024,Jan,/content/drive/MyDrive/all_images_s2/s2_Palm_ID_cNFha2_2024_01.tif,Palm,2
ID_fTH0VT_Jan,2024,Jan,/content/drive/MyDrive/all_images_s2/s2_Rubber_ID_fTH0VT_2024_01.tif,Rubber,3
ID_wHEvjM_Jan,2024,Jan,/content/drive/MyDrive/all_images_s2/s2_Rubber_ID_wHEvjM_2024_01.tif,Rubber,3
ID_Rc5ltz_Jan,2024,Jan,/content/drive/MyDrive/all_images_s2/s2_Rubber_ID_Rc5ltz_2024_01.tif,Rubber,3
ID_aggzSz_Jan,2024,Jan,/content/drive/MyDrive/all_images_s2/s2_Palm_ID_aggzSz_2024_01.tif,Palm,2
ID_M7Ynfx_Jan,2024,Jan,/content/drive/MyDrive/all_images_s2/s2_Rubber_ID_M7Ynfx_2024_01.tif,Rubber,3
ID_bXVKQW_Jan,2024,Jan,/content/drive/MyDrive/all_images_s2/s2_Rubber_ID_bXVKQW_2024_01.tif,Rubber,3
ID_yqc7Hn_Jan,2024,Jan,/content/drive/MyDrive/all_images_s2/s2_Rubber_ID_yqc7Hn_2024_01.tif,Rubber,3
ID_SeC8dZ_Jan,2024,Jan,/content/drive/MyDrive/all_images_s2/s2_Rubber_ID_SeC8dZ_2024_01.tif,Rubber,3
ID_v1xBOV_Jan,2024,Jan,/content/drive/MyDrive/all_images_s2/s2_Palm_ID_v1xBOV_2024_01.tif,Palm,2
ID_BTQyU2_Jan,2024,Jan,/content/drive/MyDrive/all_images_s2/s2_Rubber_ID_BTQyU2_2024_01.tif,Rubber,3
ID_3ZAhpK_Jan,2024,Jan,/content/drive/MyDrive/all_images_s2/s2_Rubber_ID_3ZAhpK_2024_01.tif,Rubber,3
ID_BKdiBa_Jan,2024,Jan,/content/drive/MyDrive/all_images_s2/s2_Rubber_ID_BKdiBa_2024_01.tif,Rubber,3
ID_VPdYoB_Jan,2024,Jan,/content/drive/MyDrive/all_images_s2/s2_Rubber_ID_VPdYoB_2024_01.tif,Rubber,3
ID_ufZ8xi_Jan,2024,Jan,/content/drive/MyDrive/all_images_s2/s2_Palm_ID_ufZ8xi_2024_01.tif,Palm,2
ID_Lrh1Ky_Jan,2024,Jan,/content/drive/MyDrive/all_images_s2/s2_Palm_ID_Lrh1Ky_2024_01.tif,Palm,2
ID_Lilxfr_Jan,2024,Jan,/content/drive/MyDrive/all_images_s2/s2_Palm_ID_Lilxfr_2024_01.tif,Palm,2
ID_ECDRNn_Jan,2024,Jan,/content/drive/MyDrive/all_images_s2/s2_Rubber_ID_ECDRNn_2024_01.tif,Rubber,3
ID_hLULpZ_Jan,2024,Jan,/content/drive/MyDrive/all_images_s2/s2_Palm_ID_hLULpZ_2024_01.tif,Palm,2
ID_Ighmj4_Jan,2024,Jan,/content/drive/MyDrive/all_images_s2/s2_Palm_ID_Ighmj4_2024_01.tif,Palm,2
ID_QLldyK_Jan,2024,Jan,/content/drive/MyDrive/all_images_s2/s2_Palm_ID_QLldyK_2024_01.tif,Palm,2
ID_DmSZ7z_Jan,2024,Jan,/content/drive/MyDrive/all_images_s2/s2_Palm_ID_DmSZ7z_2024_01.tif,Palm,2
ID_owmhqY_Jan,2024,Jan,/content/drive/MyDrive/all_images_s2/s2_Palm_ID_owmhqY_2024_01.tif,Palm,2
ID_ED4ZFJ_Jan,2024,Jan,/content/drive/MyDrive/all_images_s2/s2_Rubber_ID_ED4ZFJ_2024_01.tif,Rubber,3
ID_NMwChS_Jan,2024,Jan,/content/drive/MyDrive/all_images_s2/s2_Rubber_ID_NMwChS_2024_01.tif,Rubber,3
ID_AeNJYg_Jan,2024,Jan,/content/drive/MyDrive/all_images_s2/s2_Palm_ID_AeNJYg_2024_01.tif,Palm,2
ID_sguL4K_Jan,2024,Jan,/content/drive/MyDrive/all_images_s2/s2_Rubber_ID_sguL4K_2024_01.tif,Rubber,3
ID_fQ7DM1_Jan,2024,Jan,/content/drive/MyDrive/all_images_s2/s2_Palm_ID_fQ7DM1_2024_01.tif,Palm,2
ID_N4i9OG_Jan,2024,Jan,/content/drive/MyDrive/all_images_s2/s2_Rubber_ID_N4i9OG_2024_01.tif,Rubber,3
ID_8mr6hW_Jan,2024,Jan,/content/drive/MyDrive/all_images_s2/s2_Palm_ID_8mr6hW_2024_01.tif,Palm,2
ID_QmmiBJ_Jan,2024,Jan,/content/drive/MyDrive/all_images_s2/s2_Rubber_ID_QmmiBJ_2024_01.tif,Rubber,3
ID_MRUEBT_Jan,2024,Jan,/content/drive/MyDrive/all_images_s2/s2_Rubber_ID_MRUEBT_2024_01.tif,Rubber,3
ID_EZhbPz_Jan,2024,Jan,/content/drive/MyDrive/all_images_s2/s2_Rubber_ID_EZhbPz_2024_01.tif,Rubber,3
ID_x3VQ8V_Jan,2024,Jan,/content/drive/MyDrive/all_images_s2/s2_Rubber_ID_x3VQ8V_2024_01.tif,Rubber,3
ID_zHs7QF_Jan,2024,Jan,/content/drive/MyDrive/all_images_s2/s2_Rubber_ID_zHs7QF_2024_01.tif,Rubber,3
ID_3SiTHw_Jan,2024,Jan,/content/drive/MyDrive/all_images_s2/s2_Palm_ID_3SiTHw_2024_01.tif,Palm,2
ID_W2kVwV_Jan,2024,Jan,/content/drive/MyDrive/all_images_s2/s2_Rubber_ID_W2kVwV_2024_01.tif,Rubber,3
ID_5IyV6e_Jan,2024,Jan,/content/drive/MyDrive/all_images_s2/s2_Rubber_ID_5IyV6e_2024_01.tif,Rubber,3
ID_Wf2Riy_Jan,2024,Jan,/content/drive/MyDrive/all_images_s2/s2_Rubber_ID_Wf2Riy_2024_01.tif,Rubber,3
ID_NxYxOF_Jan,2024,Jan,/content/drive/MyDrive/all_images_s2/s2_Palm_ID_NxYxOF_2024_01.tif,Palm,2
ID_XfpXqd_Jan,2024,Jan,/content/drive/MyDrive/all_images_s2/s2_Rubber_ID_XfpXqd_2024_01.tif,Rubber,3
ID_svYvIv_Jan,2024,Jan,/content/drive/MyDrive/all_images_s2/s2_Rubber_ID_svYvIv_2024_01.tif,Rubber,3
ID_0ZdotM_Jan,2024,Jan,/content/drive/MyDrive/all_images_s2/s2_Rubber_ID_0ZdotM_2024_01.tif,Rubber,3
ID_ZGUwcH_Jan,2024,Jan,/content/drive/MyDrive/all_images_s2/s2_Rubber_ID_ZGUwcH_2024_01.tif,Rubber,3
ID_Wqszkn_Jan,2024,Jan,/content/drive/MyDrive/all_images_s2/s2_Palm_ID_Wqszkn_2024_01.tif,Palm,2
ID_MOnyZs_Jan,2024,Jan,/content/drive/MyDrive/all_images_s2/s2_Rubber_ID_MOnyZs_2024_01.tif,Rubber,3
ID_QMNyR1_Jan,2024,Jan,/content/drive/MyDrive/all_images_s2/s2_Rubber_ID_QMNyR1_2024_01.tif,Rubber,3
ID_6suPdA_Jan,2024,Jan,/content/drive/MyDrive/all_images_s2/s2_Palm_ID_6suPdA_2024_01.tif,Palm,2
ID_tpnnmj_Jan,2024,Jan,/content/drive/MyDrive/all_images_s2/s2_Rubber_ID_tpnnmj_2024_01.tif,Rubber,3
ID_9iONfE_Jan,2024,Jan,/content/drive/MyDrive/all_images_s2/s2_Rubber_ID_9iONfE_2024_01.tif,Rubber,3
ID_bLfOSm_Jan,2024,Jan,/content/drive/MyDrive/all_images_s2/s2_Palm_ID_bLfOSm_2024_01.tif,Palm,2
ID_JGs5v5_Jan,2024,Jan,/content/drive/MyDrive/all_images_s2/s2_Palm_ID_JGs5v5_2024_01.tif,Palm,2
ID_pe0BQ4_Jan,2024,Jan,/content/drive/MyDrive/all_images_s2/s2_Rubber_ID_pe0BQ4_2024_01.tif,Rubber,3
ID_oHpzNf_Jan,2024,Jan,/content/drive/MyDrive/all_images_s2/s2_Rubber_ID_oHpzNf_2024_01.tif,Rubber,3
ID_Klqbbb_Jan,2024,Jan,/content/drive/MyDrive/all_images_s2/s2_Rubber_ID_Klqbbb_2024_01.tif,Rubber,3
ID_OLfZ3r_Jan,2024,Jan,/content/drive/MyDrive/all_images_s2/s2_Rubber_ID_OLfZ3r_2024_01.tif,Rubber,3
ID_Dv7oNV_Jan,2024,Jan,/content/drive/MyDrive/all_images_s2/s2_Rubber_ID_Dv7oNV_2024_01.tif,Rubber,3
ID_s3EwWh_Jan,2024,Jan,/content/drive/MyDrive/all_images_s2/s2_Rubber_ID_s3EwWh_2024_01.tif,Rubber,3
ID_FAtWfQ_Jan,2024,Jan,/content/drive/MyDrive/all_images_s2/s2_Rubber_ID_FAtWfQ_2024_01.tif,Rubber,3
ID_yflxrI_Jan,2024,Jan,/content/drive/MyDrive/all_images_s2/s2_Rubber_ID_yflxrI_2024_01.tif,Rubber,3
ID_Ake4Du_Jan,2024,Jan,/content/drive/MyDrive/all_images_s2/s2_Palm_ID_Ake4Du_2024_01.tif,Palm,2
ID_1HlPmz_Jan,2024,Jan,/content/drive/MyDrive/all_images_s2/s2_Rubber_ID_1HlPmz_2024_01.tif,Rubber,3
ID_n4kWxX_Jan,2024,Jan,/content/drive/MyDrive/all_images_s2/s2_Palm_ID_n4kWxX_2024_01.tif,Palm,2
ID_XhQUIo_Jan,2024,Jan,/content/drive/MyDrive/all_images_s2/s2_Palm_ID_XhQUIo_2024_01.tif,Palm,2
ID_TLnZAz_Jan,2024,Jan,/content/drive/MyDrive/all_images_s2/s2_Rubber_ID_TLnZAz_2024_01.tif,Rubber,3
ID_5Ngbfu_Jan,2024,Jan,/content/drive/MyDrive/all_images_s2/s2_Rubber_ID_5Ngbfu_2024_01.tif,Rubber,3
ID_NqZTQ2_Jan,2024,Jan,/content/drive/MyDrive/all_images_s2/s2_Palm_ID_NqZTQ2_2024_01.tif,Palm,2
ID_MVUiVd_Jan,2024,Jan,/content/drive/MyDrive/all_images_s2/s2_Rubber_ID_MVUiVd_2024_01.tif,Rubber,3
ID_E0XKI4_Jan,2024,Jan,/content/drive/MyDrive/all_images_s2/s2_Rubber_ID_E0XKI4_2024_01.tif,Rubber,3
ID_1xOFkc_Jan,2024,Jan,/content/drive/MyDrive/all_images_s2/s2_Cocoa_ID_1xOFkc_2024_01.tif,Cocoa,1
ID_nFUBBb_Jan,2024,Jan,/content/drive/MyDrive/all_images_s2/s2_Rubber_ID_nFUBBb_2024_01.tif,Rubber,3
ID_FGZANj_Jan,2024,Jan,/content/drive/MyDrive/all_images_s2/s2_Palm_ID_FGZANj_2024_01.tif,Palm,2
ID_dkKNhQ_Jan,2024,Jan,/content/drive/MyDrive/all_images_s2/s2_Rubber_ID_dkKNhQ_2024_01.tif,Rubber,3
ID_3P9Cls_Jan,2024,Jan,/content/drive/MyDrive/all_images_s2/s2_Rubber_ID_3P9Cls_2024_01.tif,Rubber,3
ID_fTaRW6_Jan,2024,Jan,/content/drive/MyDrive/all_images_s2/s2_Rubber_ID_fTaRW6_2024_01.tif,Rubber,3
ID_4DgNFQ_Jan,2024,Jan,/content/drive/MyDrive/all_images_s2/s2_Rubber_ID_4DgNFQ_2024_01.tif,Rubber,3
ID_EpfJ6q_Jan,2024,Jan,/content/drive/MyDrive/all_images_s2/s2_Rubber_ID_EpfJ6q_2024_01.tif,Rubber,3
ID_H84rKO_Jan,2024,Jan,/content/drive/MyDrive/all_images_s2/s2_Rubber_ID_H84rKO_2024_01.tif,Rubber,3
ID_Gg3WNq_Jan,2024,Jan,/content/drive/MyDrive/all_images_s2/s2_Palm_ID_Gg3WNq_2024_01.tif,Palm,2
ID_N3jlDQ_Jan,2024,Jan,/content/drive/MyDrive/all_images_s2/s2_Palm_ID_N3jlDQ_2024_01.tif,Palm,2
ID_8SiO67_Jan,2024,Jan,/content/drive/MyDrive/all_images_s2/s2_Rubber_ID_8SiO67_2024_01.tif,Rubber,3
ID_l1VDiC_Jan,2024,Jan,/content/drive/MyDrive/all_images_s2/s2_Rubber_ID_l1VDiC_2024_01.tif,Rubber,3
ID_GnBgcA_Jan,2024,Jan,/content/drive/MyDrive/all_images_s2/s2_Rubber_ID_GnBgcA_2024_01.tif,Rubber,3
ID_FZSCxh_Jan,2024,Jan,/content/drive/MyDrive/all_images_s2/s2_Rubber_ID_FZSCxh_2024_01.tif,Rubber,3
ID_tcaISa_Jan,2024,Jan,/content/drive/MyDrive/all_images_s2/s2_Rubber_ID_tcaISa_2024_01.tif,Rubber,3
ID_i3nKEg_Jan,2024,Jan,/content/drive/MyDrive/all_images_s2/s2_Rubber_ID_i3nKEg_2024_01.tif,Rubber,3
ID_laTHRg_Jan,2024,Jan,/content/drive/MyDrive/all_images_s2/s2_Rubber_ID_laTHRg_2024_01.tif,Rubber,3
ID_NofEOh_Jan,2024,Jan,/content/drive/MyDrive/all_images_s2/s2_Rubber_ID_NofEOh_2024_01.tif,Rubber,3
ID_fgffqF_Jan,2024,Jan,/content/drive/MyDrive/all_images_s2/s2_Rubber_ID_fgffqF_2024_01.tif,Rubber,3
ID_s7bgY1_Jan,2024,Jan,/content/drive/MyDrive/all_images_s2/s2_Palm_ID_s7bgY1_2024_01.tif,Palm,2
ID_8kWwfE_Jan,2024,Jan,/content/drive/MyDrive/all_images_s2/s2_Rubber_ID_8kWwfE_2024_01.tif,Rubber,3
ID_FTuz2z_Jan,2024,Jan,/content/drive/MyDrive/all_images_s2/s2_Palm_ID_FTuz2z_2024_01.tif,Palm,2
ID_WhfYj2_Jan,2024,Jan,/content/drive/MyDrive/all_images_s2/s2_Palm_ID_WhfYj2_2024_01.tif,Palm,2
ID_cSGkcU_Jan,2024,Jan,/content/drive/MyDrive/all_images_s2/s2_Rubber_ID_cSGkcU_2024_01.tif,Rubber,3
ID_1z6fcM_Jan,2024,Jan,/content/drive/MyDrive/all_images_s2/s2_Rubber_ID_1z6fcM_2024_01.tif,Rubber,3
ID_osMZd6_Jan,2024,Jan,/content/drive/MyDrive/all_images_s2/s2_Palm_ID_osMZd6_2024_01.tif,Palm,2
ID_zUZe8y_Jan,2024,Jan,/content/drive/MyDrive/all_images_s2/s2_Rubber_ID_zUZe8y_2024_01.tif,Rubber,3
ID_CW2rk4_Jan,2024,Jan,/content/drive/MyDrive/all_images_s2/s2_Palm_ID_CW2rk4_2024_01.tif,Palm,2
ID_sjbV17_Jan,2024,Jan,/content/drive/MyDrive/all_images_s2/s2_Rubber_ID_sjbV17_2024_01.tif,Rubber,3
ID_3puwVb_Jan,2024,Jan,/content/drive/MyDrive/all_images_s2/s2_Palm_ID_3puwVb_2024_01.tif,Palm,2
ID_o9xetI_Jan,2024,Jan,/content/drive/MyDrive/all_images_s2/s2_Rubber_ID_o9xetI_2024_01.tif,Rubber,3
ID_HCMg6X_Jan,2024,Jan,/content/drive/MyDrive/all_images_s2/s2_Rubber_ID_HCMg6X_2024_01.tif,Rubber,3
ID_lge72e_Jan,2024,Jan,/content/drive/MyDrive/all_images_s2/s2_Rubber_ID_lge72e_2024_01.tif,Rubber,3
ID_aMg73g_Jan,2024,Jan,/content/drive/MyDrive/all_images_s2/s2_Rubber_ID_aMg73g_2024_01.tif,Rubber,3
ID_Hqbxjd_Jan,2024,Jan,/content/drive/MyDrive/all_images_s2/s2_Rubber_ID_Hqbxjd_2024_01.tif,Rubber,3
ID_7hj3UU_Jan,2024,Jan,/content/drive/MyDrive/all_images_s2/s2_Rubber_ID_7hj3UU_2024_01.tif,Rubber,3
ID_VFbmTp_Jan,2024,Jan,/content/drive/MyDrive/all_images_s2/s2_Rubber_ID_VFbmTp_2024_01.tif,Rubber,3
ID_rdC7Jv_Jan,2024,Jan,/content/drive/MyDrive/all_images_s2/s2_Palm_ID_rdC7Jv_2024_01.tif,Palm,2
ID_W0opHO_Jan,2024,Jan,/content/drive/MyDrive/all_images_s2/s2_Rubber_ID_W0opHO_2024_01.tif,Rubber,3
ID_zaJvdw_Jan,2024,Jan,/content/drive/MyDrive/all_images_s2/s2_Rubber_ID_zaJvdw_2024_01.tif,Rubber,3
ID_B6zINa_Jan,2024,Jan,/content/drive/MyDrive/all_images_s2/s2_Rubber_ID_B6zINa_2024_01.tif,Rubber,3
ID_XEmm8T_Jan,2024,Jan,/content/drive/MyDrive/all_images_s2/s2_Rubber_ID_XEmm8T_2024_01.tif,Rubber,3
ID_4oCezi_Jan,2024,Jan,/content/drive/MyDrive/all_images_s2/s2_Rubber_ID_4oCezi_2024_01.tif,Rubber,3
ID_XsU947_Jan,2024,Jan,/content/drive/MyDrive/all_images_s2/s2_Rubber_ID_XsU947_2024_01.tif,Rubber,3
ID_vACsoM_Jan,2024,Jan,/content/drive/MyDrive/all_images_s2/s2_Cocoa_ID_vACsoM_2024_01.tif,Cocoa,1
ID_cr48dU_Jan,2024,Jan,/content/drive/MyDrive/all_images_s2/s2_Cocoa_ID_cr48dU_2024_01.tif,Cocoa,1
ID_pigFQl_Jan,2024,Jan,/content/drive/MyDrive/all_images_s2/s2_Rubber_ID_pigFQl_2024_01.tif,Rubber,3
ID_9mrxuf_Jan,2024,Jan,/content/drive/MyDrive/all_images_s2/s2_Rubber_ID_9mrxuf_2024_01.tif,Rubber,3
ID_v41Abv_Jan,2024,Jan,/content/drive/MyDrive/all_images_s2/s2_Rubber_ID_v41Abv_2024_01.tif,Rubber,3
ID_b9Lnc7_Jan,2024,Jan,/content/drive/MyDrive/all_images_s2/s2_Rubber_ID_b9Lnc7_2024_01.tif,Rubber,3
ID_ER19uu_Jan,2024,Jan,/content/drive/MyDrive/all_images_s2/s2_Rubber_ID_ER19uu_2024_01.tif,Rubber,3
ID_9CVv0P_Jan,2024,Jan,/content/drive/MyDrive/all_images_s2/s2_Rubber_ID_9CVv0P_2024_01.tif,Rubber,3
ID_eokDMe_Jan,2024,Jan,/content/drive/MyDrive/all_images_s2/s2_Palm_ID_eokDMe_2024_01.tif,Palm,2
ID_DAhPGJ_Jan,2024,Jan,/content/drive/MyDrive/all_images_s2/s2_Palm_ID_DAhPGJ_2024_01.tif,Palm,2
ID_jlUVm1_Jan,2024,Jan,/content/drive/MyDrive/all_images_s2/s2_Rubber_ID_jlUVm1_2024_01.tif,Rubber,3
ID_3FbcrC_Jan,2024,Jan,/content/drive/MyDrive/all_images_s2/s2_Rubber_ID_3FbcrC_2024_01.tif,Rubber,3
ID_bK9rHz_Jan,2024,Jan,/content/drive/MyDrive/all_images_s2/s2_Palm_ID_bK9rHz_2024_01.tif,Palm,2
ID_OkmmMc_Jan,2024,Jan,/content/drive/MyDrive/all_images_s2/s2_Rubber_ID_OkmmMc_2024_01.tif,Rubber,3
ID_sDaLWA_Jan,2024,Jan,/content/drive/MyDrive/all_images_s2/s2_Rubber_ID_sDaLWA_2024_01.tif,Rubber,3
ID_XeFozX_Jan,2024,Jan,/content/drive/MyDrive/all_images_s2/s2_Rubber_ID_XeFozX_2024_01.tif,Rubber,3
ID_iz6aJM_Jan,2024,Jan,/content/drive/MyDrive/all_images_s2/s2_Rubber_ID_iz6aJM_2024_01.tif,Rubber,3
ID_x6Aysy_Jan,2024,Jan,/content/drive/MyDrive/all_images_s2/s2_Palm_ID_x6Aysy_2024_01.tif,Palm,2
ID_tHBITZ_Jan,2024,Jan,/content/drive/MyDrive/all_images_s2/s2_Rubber_ID_tHBITZ_2024_01.tif,Rubber,3
ID_zb9U7L_Jan,2024,Jan,/content/drive/MyDrive/all_images_s2/s2_Rubber_ID_zb9U7L_2024_01.tif,Rubber,3
ID_QxiUlf_Jan,2024,Jan,/content/drive/MyDrive/all_images_s2/s2_Rubber_ID_QxiUlf_2024_01.tif,Rubber,3
ID_SfjshT_Jan,2024,Jan,/content/drive/MyDrive/all_images_s2/s2_Palm_ID_SfjshT_2024_01.tif,Palm,2
ID_lAy2oE_Jan,2024,Jan,/content/drive/MyDrive/all_images_s2/s2_Rubber_ID_lAy2oE_2024_01.tif,Rubber,3
ID_dtPhNn_Jan,2024,Jan,/content/drive/MyDrive/all_images_s2/s2_Palm_ID_dtPhNn_2024_01.tif,Palm,2
ID_FblgNb_Jan,2024,Jan,/content/drive/MyDrive/all_images_s2/s2_Rubber_ID_FblgNb_2024_01.tif,Rubber,3
ID_Tib6OZ_Jan,2024,Jan,/content/drive/MyDrive/all_images_s2/s2_Palm_ID_Tib6OZ_2024_01.tif,Palm,2
ID_suzKpS_Jan,2024,Jan,/content/drive/MyDrive/all_images_s2/s2_Palm_ID_suzKpS_2024_01.tif,Palm,2
ID_rNjI84_Jan,2024,Jan,/content/drive/MyDrive/all_images_s2/s2_Rubber_ID_rNjI84_2024_01.tif,Rubber,3
ID_wb3yuE_Jan,2024,Jan,/content/drive/MyDrive/all_images_s2/s2_Rubber_ID_wb3yuE_2024_01.tif,Rubber,3
ID_HWXv4j_Jan,2024,Jan,/content/drive/MyDrive/all_images_s2/s2_Palm_ID_HWXv4j_2024_01.tif,Palm,2
ID_xqLHJN_Jan,2024,Jan,/content/drive/MyDrive/all_images_s2/s2_Palm_ID_xqLHJN_2024_01.tif,Palm,2
ID_4CmbGm_Jan,2024,Jan,/content/drive/MyDrive/all_images_s2/s2_Rubber_ID_4CmbGm_2024_01.tif,Rubber,3
ID_KnLywb_Jan,2024,Jan,/content/drive/MyDrive/all_images_s2/s2_Rubber_ID_KnLywb_2024_01.tif,Rubber,3
ID_4lqiUD_Jan,2024,Jan,/content/drive/MyDrive/all_images_s2/s2_Palm_ID_4lqiUD_2024_01.tif,Palm,2
ID_cWIw9C_Jan,2024,Jan,/content/drive/MyDrive/all_images_s2/s2_Rubber_ID_cWIw9C_2024_01.tif,Rubber,3
ID_4ePqmA_Jan,2024,Jan,/content/drive/MyDrive/all_images_s2/s2_Rubber_ID_4ePqmA_2024_01.tif,Rubber,3
ID_RSBU9T_Jan,2024,Jan,/content/drive/MyDrive/all_images_s2/s2_Rubber_ID_RSBU9T_2024_01.tif,Rubber,3
ID_WriXzq_Jan,2024,Jan,/content/drive/MyDrive/all_images_s2/s2_Rubber_ID_WriXzq_2024_01.tif,Rubber,3
ID_V9b7ex_Jan,2024,Jan,/content/drive/MyDrive/all_images_s2/s2_Palm_ID_V9b7ex_2024_01.tif,Palm,2
ID_AEIdCj_Jan,2024,Jan,/content/drive/MyDrive/all_images_s2/s2_Rubber_ID_AEIdCj_2024_01.tif,Rubber,3
ID_UAlErU_Jan,2024,Jan,/content/drive/MyDrive/all_images_s2/s2_Palm_ID_UAlErU_2024_01.tif,Palm,2
ID_HKOZjj_Jan,2024,Jan,/content/drive/MyDrive/all_images_s2/s2_Rubber_ID_HKOZjj_2024_01.tif,Rubber,3
ID_IWWZjh_Jan,2024,Jan,/content/drive/MyDrive/all_images_s2/s2_Rubber_ID_IWWZjh_2024_01.tif,Rubber,3
ID_MuHzrX_Jan,2024,Jan,/content/drive/MyDrive/all_images_s2/s2_Rubber_ID_MuHzrX_2024_01.tif,Rubber,3
ID_7NxrlC_Jan,2024,Jan,/content/drive/MyDrive/all_images_s2/s2_Rubber_ID_7NxrlC_2024_01.tif,Rubber,3
ID_O9u2Ja_Jan,2024,Jan,/content/drive/MyDrive/all_images_s2/s2_Palm_ID_O9u2Ja_2024_01.tif,Palm,2
ID_GAt2e7_Jan,2024,Jan,/content/drive/MyDrive/all_images_s2/s2_Rubber_ID_GAt2e7_2024_01.tif,Rubber,3
ID_Srqt3C_Jan,2024,Jan,/content/drive/MyDrive/all_images_s2/s2_Rubber_ID_Srqt3C_2024_01.tif,Rubber,3
ID_CABquS_Jan,2024,Jan,/content/drive/MyDrive/all_images_s2/s2_Palm_ID_CABquS_2024_01.tif,Palm,2
ID_aRcHRk_Jan,2024,Jan,/content/drive/MyDrive/all_images_s2/s2_Rubber_ID_aRcHRk_2024_01.tif,Rubber,3
ID_KP02Ds_Jan,2024,Jan,/content/drive/MyDrive/all_images_s2/s2_Rubber_ID_KP02Ds_2024_01.tif,Rubber,3
ID_sCUtqx_Jan,2024,Jan,/content/drive/MyDrive/all_images_s2/s2_Rubber_ID_sCUtqx_2024_01.tif,Rubber,3
ID_8YD3mH_Jan,2024,Jan,/content/drive/MyDrive/all_images_s2/s2_Palm_ID_8YD3mH_2024_01.tif,Palm,2
ID_8svJf4_Jan,2024,Jan,/content/drive/MyDrive/all_images_s2/s2_Palm_ID_8svJf4_2024_01.tif,Palm,2
ID_T24NWh_Jan,2024,Jan,/content/drive/MyDrive/all_images_s2/s2_Rubber_ID_T24NWh_2024_01.tif,Rubber,3
ID_v9QWGe_Jan,2024,Jan,/content/drive/MyDrive/all_images_s2/s2_Palm_ID_v9QWGe_2024_01.tif,Palm,2
ID_ZwAS1a_Jan,2024,Jan,/content/drive/MyDrive/all_images_s2/s2_Rubber_ID_ZwAS1a_2024_01.tif,Rubber,3
ID_wUXPLT_Jan,2024,Jan,/content/drive/MyDrive/all_images_s2/s2_Rubber_ID_wUXPLT_2024_01.tif,Rubber,3
ID_aGEv7i_Jan,2024,Jan,/content/drive/MyDrive/all_images_s2/s2_Rubber_ID_aGEv7i_2024_01.tif,Rubber,3
ID_ap2JWx_Jan,2024,Jan,/content/drive/MyDrive/all_images_s2/s2_Rubber_ID_ap2JWx_2024_01.tif,Rubber,3
ID_BIc5Af_Jan,2024,Jan,/content/drive/MyDrive/all_images_s2/s2_Rubber_ID_BIc5Af_2024_01.tif,Rubber,3
ID_SCj2NZ_Jan,2024,Jan,/content/drive/MyDrive/all_images_s2/s2_Rubber_ID_SCj2NZ_2024_01.tif,Rubber,3
ID_2jkAxF_Jan,2024,Jan,/content/drive/MyDrive/all_images_s2/s2_Rubber_ID_2jkAxF_2024_01.tif,Rubber,3
ID_joaQMk_Jan,2024,Jan,/content/drive/MyDrive/all_images_s2/s2_Palm_ID_joaQMk_2024_01.tif,Palm,2
ID_wYHgAT_Jan,2024,Jan,/content/drive/MyDrive/all_images_s2/s2_Rubber_ID_wYHgAT_2024_01.tif,Rubber,3
ID_jTmEre_Jan,2024,Jan,/content/drive/MyDrive/all_images_s2/s2_Rubber_ID_jTmEre_2024_01.tif,Rubber,3
ID_JnT2hs_Jan,2024,Jan,/content/drive/MyDrive/all_images_s2/s2_Rubber_ID_JnT2hs_2024_01.tif,Rubber,3
ID_AglGo5_Jan,2024,Jan,/content/drive/MyDrive/all_images_s2/s2_Rubber_ID_AglGo5_2024_01.tif,Rubber,3
ID_5KLIis_Jan,2024,Jan,/content/drive/MyDrive/all_images_s2/s2_Rubber_ID_5KLIis_2024_01.tif,Rubber,3
ID_M9C7UE_Jan,2024,Jan,/content/drive/MyDrive/all_images_s2/s2_Palm_ID_M9C7UE_2024_01.tif,Palm,2
ID_ezzZlx_Jan,2024,Jan,/content/drive/MyDrive/all_images_s2/s2_Rubber_ID_ezzZlx_2024_01.tif,Rubber,3
ID_mZbiWz_Jan,2024,Jan,/content/drive/MyDrive/all_images_s2/s2_Rubber_ID_mZbiWz_2024_01.tif,Rubber,3
ID_Q3gGyx_Jan,2024,Jan,/content/drive/MyDrive/all_images_s2/s2_Palm_ID_Q3gGyx_2024_01.tif,Palm,2
ID_INnzRl_Jan,2024,Jan,/content/drive/MyDrive/all_images_s2/s2_Rubber_ID_INnzRl_2024_01.tif,Rubber,3
ID_Y3Ds7C_Jan,2024,Jan,/content/drive/MyDrive/all_images_s2/s2_Palm_ID_Y3Ds7C_2024_01.tif,Palm,2
ID_Cpm8zQ_Jan,2024,Jan,/content/drive/MyDrive/all_images_s2/s2_Rubber_ID_Cpm8zQ_2024_01.tif,Rubber,3
ID_VCa9Ri_Jan,2024,Jan,/content/drive/MyDrive/all_images_s2/s2_Rubber_ID_VCa9Ri_2024_01.tif,Rubber,3
ID_ajXb0C_Jan,2024,Jan,/content/drive/MyDrive/all_images_s2/s2_Rubber_ID_ajXb0C_2024_01.tif,Rubber,3
ID_9Sv0rt_Jan,2024,Jan,/content/drive/MyDrive/all_images_s2/s2_Rubber_ID_9Sv0rt_2024_01.tif,Rubber,3
ID_6q6Mr2_Jan,2024,Jan,/content/drive/MyDrive/all_images_s2/s2_Palm_ID_6q6Mr2_2024_01.tif,Palm,2
ID_WvgOEG_Jan,2024,Jan,/content/drive/MyDrive/all_images_s2/s2_Rubber_ID_WvgOEG_2024_01.tif,Rubber,3
ID_m10ihh_Jan,2024,Jan,/content/drive/MyDrive/all_images_s2/s2_Rubber_ID_m10ihh_2024_01.tif,Rubber,3
ID_O00jpB_Jan,2024,Jan,/content/drive/MyDrive/all_images_s2/s2_Rubber_ID_O00jpB_2024_01.tif,Rubber,3
ID_RaZv3F_Jan,2024,Jan,/content/drive/MyDrive/all_images_s2/s2_Rubber_ID_RaZv3F_2024_01.tif,Rubber,3
ID_ChIbXT_Jan,2024,Jan,/content/drive/MyDrive/all_images_s2/s2_Palm_ID_ChIbXT_2024_01.tif,Palm,2
ID_u3Ot4X_Jan,2024,Jan,/content/drive/MyDrive/all_images_s2/s2_Rubber_ID_u3Ot4X_2024_01.tif,Rubber,3
ID_tRS9gf_Jan,2024,Jan,/content/drive/MyDrive/all_images_s2/s2_Rubber_ID_tRS9gf_2024_01.tif,Rubber,3
ID_DIXQSt_Jan,2024,Jan,/content/drive/MyDrive/all_images_s2/s2_Rubber_ID_DIXQSt_2024_01.tif,Rubber,3
ID_6JG63K_Jan,2024,Jan,/content/drive/MyDrive/all_images_s2/s2_Palm_ID_6JG63K_2024_01.tif,Palm,2
ID_0d0gpd_Jan,2024,Jan,/content/drive/MyDrive/all_images_s2/s2_Rubber_ID_0d0gpd_2024_01.tif,Rubber,3
ID_SDQClY_Jan,2024,Jan,/content/drive/MyDrive/all_images_s2/s2_Palm_ID_SDQClY_2024_01.tif,Palm,2
ID_Ot0zYb_Jan,2024,Jan,/content/drive/MyDrive/all_images_s2/s2_Rubber_ID_Ot0zYb_2024_01.tif,Rubber,3
ID_JeycV8_Jan,2024,Jan,/content/drive/MyDrive/all_images_s2/s2_Palm_ID_JeycV8_2024_01.tif,Palm,2
ID_GPuJuF_Jan,2024,Jan,/content/drive/MyDrive/all_images_s2/s2_Rubber_ID_GPuJuF_2024_01.tif,Rubber,3
ID_hPwEnQ_Jan,2024,Jan,/content/drive/MyDrive/all_images_s2/s2_Rubber_ID_hPwEnQ_2024_01.tif,Rubber,3
ID_rYJYuB_Jan,2024,Jan,/content/drive/MyDrive/all_images_s2/s2_Rubber_ID_rYJYuB_2024_01.tif,Rubber,3
ID_Yt2KQL_Jan,2024,Jan,/content/drive/MyDrive/all_images_s2/s2_Rubber_ID_Yt2KQL_2024_01.tif,Rubber,3
ID_SleFSS_Jan,2024,Jan,/content/drive/MyDrive/all_images_s2/s2_Rubber_ID_SleFSS_2024_01.tif,Rubber,3
ID_9eJ7BL_Jan,2024,Jan,/content/drive/MyDrive/all_images_s2/s2_Rubber_ID_9eJ7BL_2024_01.tif,Rubber,3
ID_bv286W_Jan,2024,Jan,/content/drive/MyDrive/all_images_s2/s2_Rubber_ID_bv286W_2024_01.tif,Rubber,3
ID_ssS6CP_Jan,2024,Jan,/content/drive/MyDrive/all_images_s2/s2_Rubber_ID_ssS6CP_2024_01.tif,Rubber,3
ID_Q0TKxb_Jan,2024,Jan,/content/drive/MyDrive/all_images_s2/s2_Rubber_ID_Q0TKxb_2024_01.tif,Rubber,3
ID_1qiWsU_Jan,2024,Jan,/content/drive/MyDrive/all_images_s2/s2_Rubber_ID_1qiWsU_2024_01.tif,Rubber,3
ID_BOPOyI_Jan,2024,Jan,/content/drive/MyDrive/all_images_s2/s2_Rubber_ID_BOPOyI_2024_01.tif,Rubber,3
ID_B4swVs_Jan,2024,Jan,/content/drive/MyDrive/all_images_s2/s2_Rubber_ID_B4swVs_2024_01.tif,Rubber,3
ID_1nhFUM_Jan,2024,Jan,/content/drive/MyDrive/all_images_s2/s2_Rubber_ID_1nhFUM_2024_01.tif,Rubber,3
ID_OBPEF1_Jan,2024,Jan,/content/drive/MyDrive/all_images_s2/s2_Rubber_ID_OBPEF1_2024_01.tif,Rubber,3
ID_TLhd4i_Jan,2024,Jan,/content/drive/MyDrive/all_images_s2/s2_Palm_ID_TLhd4i_2024_01.tif,Palm,2
ID_7OrcTT_Jan,2024,Jan,/content/drive/MyDrive/all_images_s2/s2_Palm_ID_7OrcTT_2024_01.tif,Palm,2
ID_SuY5FE_Jan,2024,Jan,/content/drive/MyDrive/all_images_s2/s2_Palm_ID_SuY5FE_2024_01.tif,Palm,2
ID_6N5FWV_Jan,2024,Jan,/content/drive/MyDrive/all_images_s2/s2_Rubber_ID_6N5FWV_2024_01.tif,Rubber,3
ID_SaxIKq_Jan,2024,Jan,/content/drive/MyDrive/all_images_s2/s2_Rubber_ID_SaxIKq_2024_01.tif,Rubber,3
ID_glZLvZ_Jan,2024,Jan,/content/drive/MyDrive/all_images_s2/s2_Rubber_ID_glZLvZ_2024_01.tif,Rubber,3
ID_5ltEQv_Jan,2024,Jan,/content/drive/MyDrive/all_images_s2/s2_Rubber_ID_5ltEQv_2024_01.tif,Rubber,3
ID_GX94zK_Jan,2024,Jan,/content/drive/MyDrive/all_images_s2/s2_Rubber_ID_GX94zK_2024_01.tif,Rubber,3
ID_nj3gZa_Jan,2024,Jan,/content/drive/MyDrive/all_images_s2/s2_Rubber_ID_nj3gZa_2024_01.tif,Rubber,3
ID_5hQKus_Jan,2024,Jan,/content/drive/MyDrive/all_images_s2/s2_Rubber_ID_5hQKus_2024_01.tif,Rubber,3
ID_w9ddGr_Jan,2024,Jan,/content/drive/MyDrive/all_images_s2/s2_Palm_ID_w9ddGr_2024_01.tif,Palm,2
ID_B31EL2_Jan,2024,Jan,/content/drive/MyDrive/all_images_s2/s2_Rubber_ID_B31EL2_2024_01.tif,Rubber,3
ID_3y4rQc_Jan,2024,Jan,/content/drive/MyDrive/all_images_s2/s2_Rubber_ID_3y4rQc_2024_01.tif,Rubber,3
ID_nJDR03_Jan,2024,Jan,/content/drive/MyDrive/all_images_s2/s2_Rubber_ID_nJDR03_2024_01.tif,Rubber,3
ID_hlV953_Jan,2024,Jan,/content/drive/MyDrive/all_images_s2/s2_Rubber_ID_hlV953_2024_01.tif,Rubber,3
ID_p7Wc0I_Jan,2024,Jan,/content/drive/MyDrive/all_images_s2/s2_Rubber_ID_p7Wc0I_2024_01.tif,Rubber,3
ID_GKyt9h_Jan,2024,Jan,/content/drive/MyDrive/all_images_s2/s2_Rubber_ID_GKyt9h_2024_01.tif,Rubber,3
ID_26DAcy_Jan,2024,Jan,/content/drive/MyDrive/all_images_s2/s2_Palm_ID_26DAcy_2024_01.tif,Palm,2
ID_UcMSTJ_Jan,2024,Jan,/content/drive/MyDrive/all_images_s2/s2_Rubber_ID_UcMSTJ_2024_01.tif,Rubber,3
ID_t3lEjb_Jan,2024,Jan,/content/drive/MyDrive/all_images_s2/s2_Rubber_ID_t3lEjb_2024_01.tif,Rubber,3
ID_N8IMF0_Jan,2024,Jan,/content/drive/MyDrive/all_images_s2/s2_Rubber_ID_N8IMF0_2024_01.tif,Rubber,3
ID_OblYZo_Jan,2024,Jan,/content/drive/MyDrive/all_images_s2/s2_Rubber_ID_OblYZo_2024_01.tif,Rubber,3
ID_KWvwQ0_Jan,2024,Jan,/content/drive/MyDrive/all_images_s2/s2_Palm_ID_KWvwQ0_2024_01.tif,Palm,2
ID_85AKbV_Jan,2024,Jan,/content/drive/MyDrive/all_images_s2/s2_Rubber_ID_85AKbV_2024_01.tif,Rubber,3
ID_gGuFfV_Jan,2024,Jan,/content/drive/MyDrive/all_images_s2/s2_Rubber_ID_gGuFfV_2024_01.tif,Rubber,3
ID_mWyQHr_Jan,2024,Jan,/content/drive/MyDrive/all_images_s2/s2_Rubber_ID_mWyQHr_2024_01.tif,Rubber,3
ID_IbXPEA_Jan,2024,Jan,/content/drive/MyDrive/all_images_s2/s2_Rubber_ID_IbXPEA_2024_01.tif,Rubber,3
ID_cNqnJj_Jan,2024,Jan,/content/drive/MyDrive/all_images_s2/s2_Palm_ID_cNqnJj_2024_01.tif,Palm,2
ID_5itqmT_Jan,2024,Jan,/content/drive/MyDrive/all_images_s2/s2_Palm_ID_5itqmT_2024_01.tif,Palm,2
ID_xdYMVs_Jan,2024,Jan,/content/drive/MyDrive/all_images_s2/s2_Palm_ID_xdYMVs_2024_01.tif,Palm,2
ID_HTPcda_Jan,2024,Jan,/content/drive/MyDrive/all_images_s2/s2_Rubber_ID_HTPcda_2024_01.tif,Rubber,3
ID_VtTo2k_Jan,2024,Jan,/content/drive/MyDrive/all_images_s2/s2_Palm_ID_VtTo2k_2024_01.tif,Palm,2
ID_e7vvq7_Jan,2024,Jan,/content/drive/MyDrive/all_images_s2/s2_Rubber_ID_e7vvq7_2024_01.tif,Rubber,3
ID_OJQ2NT_Jan,2024,Jan,/content/drive/MyDrive/all_images_s2/s2_Rubber_ID_OJQ2NT_2024_01.tif,Rubber,3
ID_hh41kW_Jan,2024,Jan,/content/drive/MyDrive/all_images_s2/s2_Rubber_ID_hh41kW_2024_01.tif,Rubber,3
ID_xU7bkK_Jan,2024,Jan,/content/drive/MyDrive/all_images_s2/s2_Rubber_ID_xU7bkK_2024_01.tif,Rubber,3
ID_CeFysm_Jan,2024,Jan,/content/drive/MyDrive/all_images_s2/s2_Rubber_ID_CeFysm_2024_01.tif,Rubber,3
ID_KuBzv9_Jan,2024,Jan,/content/drive/MyDrive/all_images_s2/s2_Rubber_ID_KuBzv9_2024_01.tif,Rubber,3
ID_StUqav_Jan,2024,Jan,/content/drive/MyDrive/all_images_s2/s2_Rubber_ID_StUqav_2024_01.tif,Rubber,3
ID_KT2RaU_Jan,2024,Jan,/content/drive/MyDrive/all_images_s2/s2_Palm_ID_KT2RaU_2024_01.tif,Palm,2
ID_eIbxNP_Jan,2024,Jan,/content/drive/MyDrive/all_images_s2/s2_Cocoa_ID_eIbxNP_2024_01.tif,Cocoa,1
ID_GMYSxE_Jan,2024,Jan,/content/drive/MyDrive/all_images_s2/s2_Rubber_ID_GMYSxE_2024_01.tif,Rubber,3
ID_MNm1F6_Jan,2024,Jan,/content/drive/MyDrive/all_images_s2/s2_Rubber_ID_MNm1F6_2024_01.tif,Rubber,3
ID_0DuvnM_Jan,2024,Jan,/content/drive/MyDrive/all_images_s2/s2_Palm_ID_0DuvnM_2024_01.tif,Palm,2
ID_NRcRzR_Jan,2024,Jan,/content/drive/MyDrive/all_images_s2/s2_Palm_ID_NRcRzR_2024_01.tif,Palm,2
ID_MJDPua_Jan,2024,Jan,/content/drive/MyDrive/all_images_s2/s2_Palm_ID_MJDPua_2024_01.tif,Palm,2
ID_MJ5SQp_Jan,2024,Jan,/content/drive/MyDrive/all_images_s2/s2_Palm_ID_MJ5SQp_2024_01.tif,Palm,2
ID_33SY3d_Jan,2024,Jan,/content/drive/MyDrive/all_images_s2/s2_Rubber_ID_33SY3d_2024_01.tif,Rubber,3
ID_mQEsBp_Jan,2024,Jan,/content/drive/MyDrive/all_images_s2/s2_Rubber_ID_mQEsBp_2024_01.tif,Rubber,3
ID_3BIQ8R_Jan,2024,Jan,/content/drive/MyDrive/all_images_s2/s2_Rubber_ID_3BIQ8R_2024_01.tif,Rubber,3
ID_rzISXv_Jan,2024,Jan,/content/drive/MyDrive/all_images_s2/s2_Palm_ID_rzISXv_2024_01.tif,Palm,2
ID_Jj8cHb_Jan,2024,Jan,/content/drive/MyDrive/all_images_s2/s2_Palm_ID_Jj8cHb_2024_01.tif,Palm,2
ID_DT1zFf_Jan,2024,Jan,/content/drive/MyDrive/all_images_s2/s2_Rubber_ID_DT1zFf_2024_01.tif,Rubber,3
ID_rUkxRz_Jan,2024,Jan,/content/drive/MyDrive/all_images_s2/s2_Rubber_ID_rUkxRz_2024_01.tif,Rubber,3
ID_3iM5gU_Jan,2024,Jan,/content/drive/MyDrive/all_images_s2/s2_Rubber_ID_3iM5gU_2024_01.tif,Rubber,3
ID_sqh2OX_Jan,2024,Jan,/content/drive/MyDrive/all_images_s2/s2_Palm_ID_sqh2OX_2024_01.tif,Palm,2
ID_MghhUy_Jan,2024,Jan,/content/drive/MyDrive/all_images_s2/s2_Rubber_ID_MghhUy_2024_01.tif,Rubber,3
ID_x550YR_Jan,2024,Jan,/content/drive/MyDrive/all_images_s2/s2_Rubber_ID_x550YR_2024_01.tif,Rubber,3
ID_f6Busa_Jan,2024,Jan,/content/drive/MyDrive/all_images_s2/s2_Rubber_ID_f6Busa_2024_01.tif,Rubber,3
ID_KybrxA_Jan,2024,Jan,/content/drive/MyDrive/all_images_s2/s2_Cocoa_ID_KybrxA_2024_01.tif,Cocoa,1
ID_D9pFeE_Jan,2024,Jan,/content/drive/MyDrive/all_images_s2/s2_Rubber_ID_D9pFeE_2024_01.tif,Rubber,3
ID_m5UVrY_Jan,2024,Jan,/content/drive/MyDrive/all_images_s2/s2_Rubber_ID_m5UVrY_2024_01.tif,Rubber,3
ID_89BZMK_Jan,2024,Jan,/content/drive/MyDrive/all_images_s2/s2_Rubber_ID_89BZMK_2024_01.tif,Rubber,3
ID_vDXxEm_Jan,2024,Jan,/content/drive/MyDrive/all_images_s2/s2_Palm_ID_vDXxEm_2024_01.tif,Palm,2
ID_cewiyF_Jan,2024,Jan,/content/drive/MyDrive/all_images_s2/s2_Palm_ID_cewiyF_2024_01.tif,Palm,2
ID_jr14cN_Jan,2024,Jan,/content/drive/MyDrive/all_images_s2/s2_Palm_ID_jr14cN_2024_01.tif,Palm,2
ID_IW9Fou_Jan,2024,Jan,/content/drive/MyDrive/all_images_s2/s2_Rubber_ID_IW9Fou_2024_01.tif,Rubber,3
ID_FpnhqM_Jan,2024,Jan,/content/drive/MyDrive/all_images_s2/s2_Rubber_ID_FpnhqM_2024_01.tif,Rubber,3
ID_bH6xel_Jan,2024,Jan,/content/drive/MyDrive/all_images_s2/s2_Rubber_ID_bH6xel_2024_01.tif,Rubber,3
ID_Dd4eTq_Jan,2024,Jan,/content/drive/MyDrive/all_images_s2/s2_Rubber_ID_Dd4eTq_2024_01.tif,Rubber,3
ID_AYWWP9_Jan,2024,Jan,/content/drive/MyDrive/all_images_s2/s2_Rubber_ID_AYWWP9_2024_01.tif,Rubber,3
ID_2h14uX_Jan,2024,Jan,/content/drive/MyDrive/all_images_s2/s2_Rubber_ID_2h14uX_2024_01.tif,Rubber,3
ID_3iRmFC_Jan,2024,Jan,/content/drive/MyDrive/all_images_s2/s2_Rubber_ID_3iRmFC_2024_01.tif,Rubber,3
ID_zA5WiV_Jan,2024,Jan,/content/drive/MyDrive/all_images_s2/s2_Palm_ID_zA5WiV_2024_01.tif,Palm,2
ID_SNigUK_Jan,2024,Jan,/content/drive/MyDrive/all_images_s2/s2_Rubber_ID_SNigUK_2024_01.tif,Rubber,3
ID_cDpqmF_Jan,2024,Jan,/content/drive/MyDrive/all_images_s2/s2_Rubber_ID_cDpqmF_2024_01.tif,Rubber,3
ID_aBZ7P9_Jan,2024,Jan,/content/drive/MyDrive/all_images_s2/s2_Rubber_ID_aBZ7P9_2024_01.tif,Rubber,3
ID_ImZIMQ_Jan,2024,Jan,/content/drive/MyDrive/all_images_s2/s2_Rubber_ID_ImZIMQ_2024_01.tif,Rubber,3
ID_YYckKa_Jan,2024,Jan,/content/drive/MyDrive/all_images_s2/s2_Rubber_ID_YYckKa_2024_01.tif,Rubber,3
ID_KuBuKl_Jan,2024,Jan,/content/drive/MyDrive/all_images_s2/s2_Rubber_ID_KuBuKl_2024_01.tif,Rubber,3
ID_f1Z2oI_Jan,2024,Jan,/content/drive/MyDrive/all_images_s2/s2_Palm_ID_f1Z2oI_2024_01.tif,Palm,2
ID_hZGNPO_Jan,2024,Jan,/content/drive/MyDrive/all_images_s2/s2_Palm_ID_hZGNPO_2024_01.tif,Palm,2
ID_bfbTGE_Jan,2024,Jan,/content/drive/MyDrive/all_images_s2/s2_Rubber_ID_bfbTGE_2024_01.tif,Rubber,3
ID_5zXWBX_Jan,2024,Jan,/content/drive/MyDrive/all_images_s2/s2_Rubber_ID_5zXWBX_2024_01.tif,Rubber,3
ID_1jCBYZ_Jan,2024,Jan,/content/drive/MyDrive/all_images_s2/s2_Palm_ID_1jCBYZ_2024_01.tif,Palm,2
ID_50lzgV_Jan,2024,Jan,/content/drive/MyDrive/all_images_s2/s2_Cocoa_ID_50lzgV_2024_01.tif,Cocoa,1
ID_G8v3i4_Jan,2024,Jan,/content/drive/MyDrive/all_images_s2/s2_Rubber_ID_G8v3i4_2024_01.tif,Rubber,3
ID_NgdmjP_Jan,2024,Jan,/content/drive/MyDrive/all_images_s2/s2_Rubber_ID_NgdmjP_2024_01.tif,Rubber,3
ID_72sgdC_Jan,2024,Jan,/content/drive/MyDrive/all_images_s2/s2_Palm_ID_72sgdC_2024_01.tif,Palm,2
ID_miSowD_Jan,2024,Jan,/content/drive/MyDrive/all_images_s2/s2_Palm_ID_miSowD_2024_01.tif,Palm,2
ID_RWpkWD_Jan,2024,Jan,/content/drive/MyDrive/all_images_s2/s2_Palm_ID_RWpkWD_2024_01.tif,Palm,2
ID_jLP2Hh_Jan,2024,Jan,/content/drive/MyDrive/all_images_s2/s2_Palm_ID_jLP2Hh_2024_01.tif,Palm,2
ID_WWAx6l_Jan,2024,Jan,/content/drive/MyDrive/all_images_s2/s2_Palm_ID_WWAx6l_2024_01.tif,Palm,2
ID_mrLd0O_Jan,2024,Jan,/content/drive/MyDrive/all_images_s2/s2_Palm_ID_mrLd0O_2024_01.tif,Palm,2
ID_tXBERJ_Jan,2024,Jan,/content/drive/MyDrive/all_images_s2/s2_Palm_ID_tXBERJ_2024_01.tif,Palm,2
ID_eYWMuE_Jan,2024,Jan,/content/drive/MyDrive/all_images_s2/s2_Palm_ID_eYWMuE_2024_01.tif,Palm,2
ID_aGaAmt_Jan,2024,Jan,/content/drive/MyDrive/all_images_s2/s2_Palm_ID_aGaAmt_2024_01.tif,Palm,2
ID_fGenxy_Jan,2024,Jan,/content/drive/MyDrive/all_images_s2/s2_Palm_ID_fGenxy_2024_01.tif,Palm,2
ID_9GjPkM_Jan,2024,Jan,/content/drive/MyDrive/all_images_s2/s2_Palm_ID_9GjPkM_2024_01.tif,Palm,2
ID_dfaUGs_Jan,2024,Jan,/content/drive/MyDrive/all_images_s2/s2_Palm_ID_dfaUGs_2024_01.tif,Palm,2
ID_qjh5D6_Jan,2024,Jan,/content/drive/MyDrive/all_images_s2/s2_Palm_ID_qjh5D6_2024_01.tif,Palm,2
ID_DcEJoD_Jan,2024,Jan,/content/drive/MyDrive/all_images_s2/s2_Palm_ID_DcEJoD_2024_01.tif,Palm,2
ID_lg7pnq_Jan,2024,Jan,/content/drive/MyDrive/all_images_s2/s2_Palm_ID_lg7pnq_2024_01.tif,Palm,2
ID_Fm16U9_Jan,2024,Jan,/content/drive/MyDrive/all_images_s2/s2_Palm_ID_Fm16U9_2024_01.tif,Palm,2
ID_NPpVqz_Jan,2024,Jan,/content/drive/MyDrive/all_images_s2/s2_Palm_ID_NPpVqz_2024_01.tif,Palm,2
ID_4caSQl_Jan,2024,Jan,/content/drive/MyDrive/all_images_s2/s2_Palm_ID_4caSQl_2024_01.tif,Palm,2
ID_5DuHHO_Jan,2024,Jan,/content/drive/MyDrive/all_images_s2/s2_Palm_ID_5DuHHO_2024_01.tif,Palm,2
ID_jCgJZc_Jan,2024,Jan,/content/drive/MyDrive/all_images_s2/s2_Palm_ID_jCgJZc_2024_01.tif,Palm,2
ID_EPozao_Jan,2024,Jan,/content/drive/MyDrive/all_images_s2/s2_Cocoa_ID_EPozao_2024_01.tif,Cocoa,1
ID_TR6m9L_Jan,2024,Jan,/content/drive/MyDrive/all_images_s2/s2_Palm_ID_TR6m9L_2024_01.tif,Palm,2
ID_TdWJxm_Jan,2024,Jan,/content/drive/MyDrive/all_images_s2/s2_Palm_ID_TdWJxm_2024_01.tif,Palm,2
ID_pYf4J1_Jan,2024,Jan,/content/drive/MyDrive/all_images_s2/s2_Palm_ID_pYf4J1_2024_01.tif,Palm,2
ID_69F08s_Jan,2024,Jan,/content/drive/MyDrive/all_images_s2/s2_Palm_ID_69F08s_2024_01.tif,Palm,2
ID_pOrCyb_Jan,2024,Jan,/content/drive/MyDrive/all_images_s2/s2_Palm_ID_pOrCyb_2024_01.tif,Palm,2
ID_2JSfWv_Jan,2024,Jan,/content/drive/MyDrive/all_images_s2/s2_Palm_ID_2JSfWv_2024_01.tif,Palm,2
ID_ZkgIkx_Jan,2024,Jan,/content/drive/MyDrive/all_images_s2/s2_Palm_ID_ZkgIkx_2024_01.tif,Palm,2
ID_dhnuJX_Jan,2024,Jan,/content/drive/MyDrive/all_images_s2/s2_Palm_ID_dhnuJX_2024_01.tif,Palm,2
ID_jdZyIP_Jan,2024,Jan,/content/drive/MyDrive/all_images_s2/s2_Palm_ID_jdZyIP_2024_01.tif,Palm,2
ID_kVxelQ_Jan,2024,Jan,/content/drive/MyDrive/all_images_s2/s2_Palm_ID_kVxelQ_2024_01.tif,Palm,2
ID_vSy1Rx_Jan,2024,Jan,/content/drive/MyDrive/all_images_s2/s2_Palm_ID_vSy1Rx_2024_01.tif,Palm,2
ID_ya75z9_Jan,2024,Jan,/content/drive/MyDrive/all_images_s2/s2_Palm_ID_ya75z9_2024_01.tif,Palm,2
ID_pDdWK3_Jan,2024,Jan,/content/drive/MyDrive/all_images_s2/s2_Palm_ID_pDdWK3_2024_01.tif,Palm,2
ID_foU0Mi_Jan,2024,Jan,/content/drive/MyDrive/all_images_s2/s2_Palm_ID_foU0Mi_2024_01.tif,Palm,2
ID_xwL6rZ_Jan,2024,Jan,/content/drive/MyDrive/all_images_s2/s2_Palm_ID_xwL6rZ_2024_01.tif,Palm,2
ID_bfhMnr_Jan,2024,Jan,/content/drive/MyDrive/all_images_s2/s2_Palm_ID_bfhMnr_2024_01.tif,Palm,2
ID_OInJKl_Jan,2024,Jan,/content/drive/MyDrive/all_images_s2/s2_Palm_ID_OInJKl_2024_01.tif,Palm,2
ID_gRAIm7_Jan,2024,Jan,/content/drive/MyDrive/all_images_s2/s2_Palm_ID_gRAIm7_2024_01.tif,Palm,2
ID_LjruwI_Jan,2024,Jan,/content/drive/MyDrive/all_images_s2/s2_Palm_ID_LjruwI_2024_01.tif,Palm,2
ID_JXDM5A_Jan,2024,Jan,/content/drive/MyDrive/all_images_s2/s2_Palm_ID_JXDM5A_2024_01.tif,Palm,2
ID_DmsAIU_Jan,2024,Jan,/content/drive/MyDrive/all_images_s2/s2_Palm_ID_DmsAIU_2024_01.tif,Palm,2
ID_XBV9qt_Jan,2024,Jan,/content/drive/MyDrive/all_images_s2/s2_Palm_ID_XBV9qt_2024_01.tif,Palm,2
ID_7cxCbC_Jan,2024,Jan,/content/drive/MyDrive/all_images_s2/s2_Palm_ID_7cxCbC_2024_01.tif,Palm,2
ID_rB2ABL_Jan,2024,Jan,/content/drive/MyDrive/all_images_s2/s2_Palm_ID_rB2ABL_2024_01.tif,Palm,2
ID_o8aJ7t_Jan,2024,Jan,/content/drive/MyDrive/all_images_s2/s2_Palm_ID_o8aJ7t_2024_01.tif,Palm,2
ID_egIQhf_Jan,2024,Jan,/content/drive/MyDrive/all_images_s2/s2_Palm_ID_egIQhf_2024_01.tif,Palm,2
ID_vGQ3Xq_Jan,2024,Jan,/content/drive/MyDrive/all_images_s2/s2_Palm_ID_vGQ3Xq_2024_01.tif,Palm,2
ID_xXViIp_Jan,2024,Jan,/content/drive/MyDrive/all_images_s2/s2_Cocoa_ID_xXViIp_2024_01.tif,Cocoa,1
ID_UfIPBB_Jan,2024,Jan,/content/drive/MyDrive/all_images_s2/s2_Palm_ID_UfIPBB_2024_01.tif,Palm,2
ID_mrtPs6_Jan,2024,Jan,/content/drive/MyDrive/all_images_s2/s2_Palm_ID_mrtPs6_2024_01.tif,Palm,2
ID_yrEyUW_Jan,2024,Jan,/content/drive/MyDrive/all_images_s2/s2_Palm_ID_yrEyUW_2024_01.tif,Palm,2
ID_KOLFmT_Jan,2024,Jan,/content/drive/MyDrive/all_images_s2/s2_Palm_ID_KOLFmT_2024_01.tif,Palm,2
ID_GfiW0V_Jan,2024,Jan,/content/drive/MyDrive/all_images_s2/s2_Palm_ID_GfiW0V_2024_01.tif,Palm,2
ID_f1UAVW_Jan,2024,Jan,/content/drive/MyDrive/all_images_s2/s2_Palm_ID_f1UAVW_2024_01.tif,Palm,2
ID_lgrwgy_Jan,2024,Jan,/content/drive/MyDrive/all_images_s2/s2_Palm_ID_lgrwgy_2024_01.tif,Palm,2
ID_4xyJj4_Jan,2024,Jan,/content/drive/MyDrive/all_images_s2/s2_Palm_ID_4xyJj4_2024_01.tif,Palm,2
ID_AYTDsL_Jan,2024,Jan,/content/drive/MyDrive/all_images_s2/s2_Palm_ID_AYTDsL_2024_01.tif,Palm,2
ID_BCohsQ_Jan,2024,Jan,/content/drive/MyDrive/all_images_s2/s2_Palm_ID_BCohsQ_2024_01.tif,Palm,2
ID_7PWQy3_Jan,2024,Jan,/content/drive/MyDrive/all_images_s2/s2_Palm_ID_7PWQy3_2024_01.tif,Palm,2
ID_ayCWqe_Jan,2024,Jan,/content/drive/MyDrive/all_images_s2/s2_Palm_ID_ayCWqe_2024_01.tif,Palm,2
ID_d4LJkk_Jan,2024,Jan,/content/drive/MyDrive/all_images_s2/s2_Palm_ID_d4LJkk_2024_01.tif,Palm,2
ID_XQ3XCe_Jan,2024,Jan,/content/drive/MyDrive/all_images_s2/s2_Palm_ID_XQ3XCe_2024_01.tif,Palm,2
ID_kAiyfB_Jan,2024,Jan,/content/drive/MyDrive/all_images_s2/s2_Palm_ID_kAiyfB_2024_01.tif,Palm,2
ID_ryi8vr_Jan,2024,Jan,/content/drive/MyDrive/all_images_s2/s2_Palm_ID_ryi8vr_2024_01.tif,Palm,2
ID_iV468A_Jan,2024,Jan,/content/drive/MyDrive/all_images_s2/s2_Palm_ID_iV468A_2024_01.tif,Palm,2
ID_8qoMn9_Jan,2024,Jan,/content/drive/MyDrive/all_images_s2/s2_Palm_ID_8qoMn9_2024_01.tif,Palm,2
ID_fTqIzU_Jan,2024,Jan,/content/drive/MyDrive/all_images_s2/s2_Palm_ID_fTqIzU_2024_01.tif,Palm,2
ID_6YfXJg_Jan,2024,Jan,/content/drive/MyDrive/all_images_s2/s2_Palm_ID_6YfXJg_2024_01.tif,Palm,2
ID_B8ggCf_Jan,2024,Jan,/content/drive/MyDrive/all_images_s2/s2_Palm_ID_B8ggCf_2024_01.tif,Palm,2
ID_anQ1Sr_Jan,2024,Jan,/content/drive/MyDrive/all_images_s2/s2_Palm_ID_anQ1Sr_2024_01.tif,Palm,2
ID_CZfuG5_Jan,2024,Jan,/content/drive/MyDrive/all_images_s2/s2_Palm_ID_CZfuG5_2024_01.tif,Palm,2
ID_6mTKxh_Jan,2024,Jan,/content/drive/MyDrive/all_images_s2/s2_Palm_ID_6mTKxh_2024_01.tif,Palm,2
ID_fjTTpw_Jan,2024,Jan,/content/drive/MyDrive/all_images_s2/s2_Palm_ID_fjTTpw_2024_01.tif,Palm,2
ID_eWnXTQ_Jan,2024,Jan,/content/drive/MyDrive/all_images_s2/s2_Palm_ID_eWnXTQ_2024_01.tif,Palm,2
ID_eoyrkg_Jan,2024,Jan,/content/drive/MyDrive/all_images_s2/s2_Palm_ID_eoyrkg_2024_01.tif,Palm,2
ID_8XUgsG_Jan,2024,Jan,/content/drive/MyDrive/all_images_s2/s2_Palm_ID_8XUgsG_2024_01.tif,Palm,2
ID_Pqf3EG_Jan,2024,Jan,/content/drive/MyDrive/all_images_s2/s2_Palm_ID_Pqf3EG_2024_01.tif,Palm,2
ID_VfG4KW_Jan,2024,Jan,/content/drive/MyDrive/all_images_s2/s2_Palm_ID_VfG4KW_2024_01.tif,Palm,2
ID_sQYOnj_Jan,2024,Jan,/content/drive/MyDrive/all_images_s2/s2_Palm_ID_sQYOnj_2024_01.tif,Palm,2
ID_K0Zz9u_Jan,2024,Jan,/content/drive/MyDrive/all_images_s2/s2_Palm_ID_K0Zz9u_2024_01.tif,Palm,2
ID_xviTSZ_Jan,2024,Jan,/content/drive/MyDrive/all_images_s2/s2_Palm_ID_xviTSZ_2024_01.tif,Palm,2
ID_UvSweH_Jan,2024,Jan,/content/drive/MyDrive/all_images_s2/s2_Palm_ID_UvSweH_2024_01.tif,Palm,2
ID_2727ur_Jan,2024,Jan,/content/drive/MyDrive/all_images_s2/s2_Palm_ID_2727ur_2024_01.tif,Palm,2
ID_zjGemX_Jan,2024,Jan,/content/drive/MyDrive/all_images_s2/s2_Palm_ID_zjGemX_2024_01.tif,Palm,2
ID_sHu3nU_Jan,2024,Jan,/content/drive/MyDrive/all_images_s2/s2_Palm_ID_sHu3nU_2024_01.tif,Palm,2
ID_xvpKFJ_Jan,2024,Jan,/content/drive/MyDrive/all_images_s2/s2_Palm_ID_xvpKFJ_2024_01.tif,Palm,2
ID_eTGVy4_Jan,2024,Jan,/content/drive/MyDrive/all_images_s2/s2_Palm_ID_eTGVy4_2024_01.tif,Palm,2
ID_1AoEj6_Jan,2024,Jan,/content/drive/MyDrive/all_images_s2/s2_Palm_ID_1AoEj6_2024_01.tif,Palm,2
ID_FO3VG9_Jan,2024,Jan,/content/drive/MyDrive/all_images_s2/s2_Palm_ID_FO3VG9_2024_01.tif,Palm,2
ID_RbGyfd_Jan,2024,Jan,/content/drive/MyDrive/all_images_s2/s2_Palm_ID_RbGyfd_2024_01.tif,Palm,2
ID_LqV3nN_Jan,2024,Jan,/content/drive/MyDrive/all_images_s2/s2_Palm_ID_LqV3nN_2024_01.tif,Palm,2
ID_SGwDqe_Jan,2024,Jan,/content/drive/MyDrive/all_images_s2/s2_Palm_ID_SGwDqe_2024_01.tif,Palm,2
ID_lLs2N2_Jan,2024,Jan,/content/drive/MyDrive/all_images_s2/s2_Rubber_ID_lLs2N2_2024_01.tif,Rubber,3
ID_TMYHJF_Jan,2024,Jan,/content/drive/MyDrive/all_images_s2/s2_Palm_ID_TMYHJF_2024_01.tif,Palm,2
ID_0HCtvq_Jan,2024,Jan,/content/drive/MyDrive/all_images_s2/s2_Palm_ID_0HCtvq_2024_01.tif,Palm,2
ID_rHM5Nt_Jan,2024,Jan,/content/drive/MyDrive/all_images_s2/s2_Palm_ID_rHM5Nt_2024_01.tif,Palm,2
ID_RtPvMi_Jan,2024,Jan,/content/drive/MyDrive/all_images_s2/s2_Palm_ID_RtPvMi_2024_01.tif,Palm,2
ID_FHzna6_Jan,2024,Jan,/content/drive/MyDrive/all_images_s2/s2_Palm_ID_FHzna6_2024_01.tif,Palm,2
ID_0hakJN_Jan,2024,Jan,/content/drive/MyDrive/all_images_s2/s2_Palm_ID_0hakJN_2024_01.tif,Palm,2
ID_P1aKrU_Jan,2024,Jan,/content/drive/MyDrive/all_images_s2/s2_Palm_ID_P1aKrU_2024_01.tif,Palm,2
ID_c21eq4_Jan,2024,Jan,/content/drive/MyDrive/all_images_s2/s2_Palm_ID_c21eq4_2024_01.tif,Palm,2
ID_KlRraR_Jan,2024,Jan,/content/drive/MyDrive/all_images_s2/s2_Palm_ID_KlRraR_2024_01.tif,Palm,2
ID_O3CIh0_Jan,2024,Jan,/content/drive/MyDrive/all_images_s2/s2_Palm_ID_O3CIh0_2024_01.tif,Palm,2
ID_PfBgcB_Jan,2024,Jan,/content/drive/MyDrive/all_images_s2/s2_Palm_ID_PfBgcB_2024_01.tif,Palm,2
ID_SLuw0R_Jan,2024,Jan,/content/drive/MyDrive/all_images_s2/s2_Cocoa_ID_SLuw0R_2024_01.tif,Cocoa,1
ID_dtkKR3_Jan,2024,Jan,/content/drive/MyDrive/all_images_s2/s2_Palm_ID_dtkKR3_2024_01.tif,Palm,2
ID_xtkxCx_Jan,2024,Jan,/content/drive/MyDrive/all_images_s2/s2_Rubber_ID_xtkxCx_2024_01.tif,Rubber,3
ID_9C97sB_Jan,2024,Jan,/content/drive/MyDrive/all_images_s2/s2_Palm_ID_9C97sB_2024_01.tif,Palm,2
ID_nUZqlr_Jan,2024,Jan,/content/drive/MyDrive/all_images_s2/s2_Palm_ID_nUZqlr_2024_01.tif,Palm,2
ID_xGUL2o_Jan,2024,Jan,/content/drive/MyDrive/all_images_s2/s2_Palm_ID_xGUL2o_2024_01.tif,Palm,2
ID_reXMlf_Jan,2024,Jan,/content/drive/MyDrive/all_images_s2/s2_Palm_ID_reXMlf_2024_01.tif,Palm,2
ID_RCXyOt_Jan,2024,Jan,/content/drive/MyDrive/all_images_s2/s2_Palm_ID_RCXyOt_2024_01.tif,Palm,2
ID_F1RxNI_Jan,2024,Jan,/content/drive/MyDrive/all_images_s2/s2_Palm_ID_F1RxNI_2024_01.tif,Palm,2
ID_jC8TcY_Jan,2024,Jan,/content/drive/MyDrive/all_images_s2/s2_Palm_ID_jC8TcY_2024_01.tif,Palm,2
ID_DcvXSi_Jan,2024,Jan,/content/drive/MyDrive/all_images_s2/s2_Palm_ID_DcvXSi_2024_01.tif,Palm,2
ID_Zmm1Cb_Jan,2024,Jan,/content/drive/MyDrive/all_images_s2/s2_Palm_ID_Zmm1Cb_2024_01.tif,Palm,2
ID_n4u088_Jan,2024,Jan,/content/drive/MyDrive/all_images_s2/s2_Palm_ID_n4u088_2024_01.tif,Palm,2
ID_mMcNKs_Jan,2024,Jan,/content/drive/MyDrive/all_images_s2/s2_Palm_ID_mMcNKs_2024_01.tif,Palm,2
ID_Ml1Jh5_Jan,2024,Jan,/content/drive/MyDrive/all_images_s2/s2_Palm_ID_Ml1Jh5_2024_01.tif,Palm,2
ID_9ZwY4O_Jan,2024,Jan,/content/drive/MyDrive/all_images_s2/s2_Palm_ID_9ZwY4O_2024_01.tif,Palm,2
ID_L96j81_Jan,2024,Jan,/content/drive/MyDrive/all_images_s2/s2_Cocoa_ID_L96j81_2024_01.tif,Cocoa,1
ID_SH9cFB_Jan,2024,Jan,/content/drive/MyDrive/all_images_s2/s2_Cocoa_ID_SH9cFB_2024_01.tif,Cocoa,1
ID_7p5miy_Jan,2024,Jan,/content/drive/MyDrive/all_images_s2/s2_Palm_ID_7p5miy_2024_01.tif,Palm,2
ID_yHlJAJ_Jan,2024,Jan,/content/drive/MyDrive/all_images_s2/s2_Palm_ID_yHlJAJ_2024_01.tif,Palm,2
ID_ObCbkz_Jan,2024,Jan,/content/drive/MyDrive/all_images_s2/s2_Palm_ID_ObCbkz_2024_01.tif,Palm,2
ID_JNDQrJ_Jan,2024,Jan,/content/drive/MyDrive/all_images_s2/s2_Palm_ID_JNDQrJ_2024_01.tif,Palm,2
ID_dOptOS_Jan,2024,Jan,/content/drive/MyDrive/all_images_s2/s2_Rubber_ID_dOptOS_2024_01.tif,Rubber,3
ID_7Hiaa2_Jan,2024,Jan,/content/drive/MyDrive/all_images_s2/s2_Palm_ID_7Hiaa2_2024_01.tif,Palm,2
ID_JfN26B_Jan,2024,Jan,/content/drive/MyDrive/all_images_s2/s2_Palm_ID_JfN26B_2024_01.tif,Palm,2
ID_fRsdxA_Jan,2024,Jan,/content/drive/MyDrive/all_images_s2/s2_Palm_ID_fRsdxA_2024_01.tif,Palm,2
ID_daVr7r_Jan,2024,Jan,/content/drive/MyDrive/all_images_s2/s2_Palm_ID_daVr7r_2024_01.tif,Palm,2
ID_RPqPKr_Jan,2024,Jan,/content/drive/MyDrive/all_images_s2/s2_Cocoa_ID_RPqPKr_2024_01.tif,Cocoa,1
ID_xC6tLP_Jan,2024,Jan,/content/drive/MyDrive/all_images_s2/s2_Cocoa_ID_xC6tLP_2024_01.tif,Cocoa,1
ID_cDsdAk_Jan,2024,Jan,/content/drive/MyDrive/all_images_s2/s2_Cocoa_ID_cDsdAk_2024_01.tif,Cocoa,1
ID_05RXfR_Jan,2024,Jan,/content/drive/MyDrive/all_images_s2/s2_Cocoa_ID_05RXfR_2024_01.tif,Cocoa,1
ID_CLZv2M_Jan,2024,Jan,/content/drive/MyDrive/all_images_s2/s2_Cocoa_ID_CLZv2M_2024_01.tif,Cocoa,1
ID_1GivUJ_Jan,2024,Jan,/content/drive/MyDrive/all_images_s2/s2_Cocoa_ID_1GivUJ_2024_01.tif,Cocoa,1
ID_Nm0zyW_Jan,2024,Jan,/content/drive/MyDrive/all_images_s2/s2_Cocoa_ID_Nm0zyW_2024_01.tif,Cocoa,1
ID_R7fDb7_Jan,2024,Jan,/content/drive/MyDrive/all_images_s2/s2_Cocoa_ID_R7fDb7_2024_01.tif,Cocoa,1
ID_iie6Gb_Jan,2024,Jan,/content/drive/MyDrive/all_images_s2/s2_Cocoa_ID_iie6Gb_2024_01.tif,Cocoa,1
ID_2eMyDO_Jan,2024,Jan,/content/drive/MyDrive/all_images_s2/s2_Cocoa_ID_2eMyDO_2024_01.tif,Cocoa,1
ID_IN6hwj_Jan,2024,Jan,/content/drive/MyDrive/all_images_s2/s2_Cocoa_ID_IN6hwj_2024_01.tif,Cocoa,1
ID_saZQiH_Jan,2024,Jan,/content/drive/MyDrive/all_images_s2/s2_Cocoa_ID_saZQiH_2024_01.tif,Cocoa,1
ID_aaRqRT_Jan,2024,Jan,/content/drive/MyDrive/all_images_s2/s2_Cocoa_ID_aaRqRT_2024_01.tif,Cocoa,1
ID_IXzppO_Jan,2024,Jan,/content/drive/MyDrive/all_images_s2/s2_Cocoa_ID_IXzppO_2024_01.tif,Cocoa,1
ID_grLNvs_Jan,2024,Jan,/content/drive/MyDrive/all_images_s2/s2_Cocoa_ID_grLNvs_2024_01.tif,Cocoa,1
ID_NwMFhJ_Jan,2024,Jan,/content/drive/MyDrive/all_images_s2/s2_Cocoa_ID_NwMFhJ_2024_01.tif,Cocoa,1
ID_XPKo2v_Jan,2024,Jan,/content/drive/MyDrive/all_images_s2/s2_Cocoa_ID_XPKo2v_2024_01.tif,Cocoa,1
ID_j0J2Rh_Jan,2024,Jan,/content/drive/MyDrive/all_images_s2/s2_Cocoa_ID_j0J2Rh_2024_01.tif,Cocoa,1
ID_hhEgZu_Jan,2024,Jan,/content/drive/MyDrive/all_images_s2/s2_Cocoa_ID_hhEgZu_2024_01.tif,Cocoa,1
ID_WEmaVC_Jan,2024,Jan,/content/drive/MyDrive/all_images_s2/s2_Cocoa_ID_WEmaVC_2024_01.tif,Cocoa,1
ID_TksM9y_Jan,2024,Jan,/content/drive/MyDrive/all_images_s2/s2_Cocoa_ID_TksM9y_2024_01.tif,Cocoa,1
ID_Efbolq_Jan,2024,Jan,/content/drive/MyDrive/all_images_s2/s2_Cocoa_ID_Efbolq_2024_01.tif,Cocoa,1
ID_x17hpv_Jan,2024,Jan,/content/drive/MyDrive/all_images_s2/s2_Cocoa_ID_x17hpv_2024_01.tif,Cocoa,1
ID_KU10vH_Jan,2024,Jan,/content/drive/MyDrive/all_images_s2/s2_Cocoa_ID_KU10vH_2024_01.tif,Cocoa,1
ID_CuJ1Zr_Jan,2024,Jan,/content/drive/MyDrive/all_images_s2/s2_Cocoa_ID_CuJ1Zr_2024_01.tif,Cocoa,1
ID_1hAqZZ_Jan,2024,Jan,/content/drive/MyDrive/all_images_s2/s2_Cocoa_ID_1hAqZZ_2024_01.tif,Cocoa,1
ID_EMYRT1_Jan,2024,Jan,/content/drive/MyDrive/all_images_s2/s2_Cocoa_ID_EMYRT1_2024_01.tif,Cocoa,1
ID_CNax7j_Jan,2024,Jan,/content/drive/MyDrive/all_images_s2/s2_Cocoa_ID_CNax7j_2024_01.tif,Cocoa,1
ID_ZG5nCM_Jan,2024,Jan,/content/drive/MyDrive/all_images_s2/s2_Cocoa_ID_ZG5nCM_2024_01.tif,Cocoa,1
ID_Y7m1Ah_Jan,2024,Jan,/content/drive/MyDrive/all_images_s2/s2_Cocoa_ID_Y7m1Ah_2024_01.tif,Cocoa,1
ID_xyhChm_Jan,2024,Jan,/content/drive/MyDrive/all_images_s2/s2_Cocoa_ID_xyhChm_2024_01.tif,Cocoa,1
ID_ZafJhZ_Jan,2024,Jan,/content/drive/MyDrive/all_images_s2/s2_Cocoa_ID_ZafJhZ_2024_01.tif,Cocoa,1
ID_G1j10O_Jan,2024,Jan,/content/drive/MyDrive/all_images_s2/s2_Cocoa_ID_G1j10O_2024_01.tif,Cocoa,1
ID_Sf4HDs_Jan,2024,Jan,/content/drive/MyDrive/all_images_s2/s2_Cocoa_ID_Sf4HDs_2024_01.tif,Cocoa,1
ID_so6O5G_Jan,2024,Jan,/content/drive/MyDrive/all_images_s2/s2_Cocoa_ID_so6O5G_2024_01.tif,Cocoa,1
ID_B5U6q5_Jan,2024,Jan,/content/drive/MyDrive/all_images_s2/s2_Cocoa_ID_B5U6q5_2024_01.tif,Cocoa,1
ID_WhVHzm_Jan,2024,Jan,/content/drive/MyDrive/all_images_s2/s2_Cocoa_ID_WhVHzm_2024_01.tif,Cocoa,1
ID_wRyrX2_Jan,2024,Jan,/content/drive/MyDrive/all_images_s2/s2_Cocoa_ID_wRyrX2_2024_01.tif,Cocoa,1
ID_4an4ht_Jan,2024,Jan,/content/drive/MyDrive/all_images_s2/s2_Cocoa_ID_4an4ht_2024_01.tif,Cocoa,1
ID_ktQtXr_Jan,2024,Jan,/content/drive/MyDrive/all_images_s2/s2_Cocoa_ID_ktQtXr_2024_01.tif,Cocoa,1
ID_mBo29f_Jan,2024,Jan,/content/drive/MyDrive/all_images_s2/s2_Cocoa_ID_mBo29f_2024_01.tif,Cocoa,1
ID_hxaoxP_Jan,2024,Jan,/content/drive/MyDrive/all_images_s2/s2_Cocoa_ID_hxaoxP_2024_01.tif,Cocoa,1
ID_Cshux7_Jan,2024,Jan,/content/drive/MyDrive/all_images_s2/s2_Cocoa_ID_Cshux7_2024_01.tif,Cocoa,1
ID_hNBPMQ_Jan,2024,Jan,/content/drive/MyDrive/all_images_s2/s2_Cocoa_ID_hNBPMQ_2024_01.tif,Cocoa,1
ID_tnYo39_Jan,2024,Jan,/content/drive/MyDrive/all_images_s2/s2_Cocoa_ID_tnYo39_2024_01.tif,Cocoa,1
ID_FMX7Lz_Jan,2024,Jan,/content/drive/MyDrive/all_images_s2/s2_Cocoa_ID_FMX7Lz_2024_01.tif,Cocoa,1
ID_WmwtSE_Jan,2024,Jan,/content/drive/MyDrive/all_images_s2/s2_Cocoa_ID_WmwtSE_2024_01.tif,Cocoa,1
ID_fk4U7N_Jan,2024,Jan,/content/drive/MyDrive/all_images_s2/s2_Cocoa_ID_fk4U7N_2024_01.tif,Cocoa,1
ID_jYqJ5O_Jan,2024,Jan,/content/drive/MyDrive/all_images_s2/s2_Cocoa_ID_jYqJ5O_2024_01.tif,Cocoa,1
ID_djQBUB_Jan,2024,Jan,/content/drive/MyDrive/all_images_s2/s2_Cocoa_ID_djQBUB_2024_01.tif,Cocoa,1
ID_ewEcLB_Jan,2024,Jan,/content/drive/MyDrive/all_images_s2/s2_Cocoa_ID_ewEcLB_2024_01.tif,Cocoa,1
ID_nFeTQ0_Jan,2024,Jan,/content/drive/MyDrive/all_images_s2/s2_Cocoa_ID_nFeTQ0_2024_01.tif,Cocoa,1
ID_HyD25B_Jan,2024,Jan,/content/drive/MyDrive/all_images_s2/s2_Cocoa_ID_HyD25B_2024_01.tif,Cocoa,1
ID_tH4lum_Jan,2024,Jan,/content/drive/MyDrive/all_images_s2/s2_Cocoa_ID_tH4lum_2024_01.tif,Cocoa,1
ID_IhESin_Jan,2024,Jan,/content/drive/MyDrive/all_images_s2/s2_Cocoa_ID_IhESin_2024_01.tif,Cocoa,1
ID_O38wg9_Jan,2024,Jan,/content/drive/MyDrive/all_images_s2/s2_Cocoa_ID_O38wg9_2024_01.tif,Cocoa,1
ID_hhEQa6_Jan,2024,Jan,/content/drive/MyDrive/all_images_s2/s2_Cocoa_ID_hhEQa6_2024_01.tif,Cocoa,1
ID_vAfILA_Jan,2024,Jan,/content/drive/MyDrive/all_images_s2/s2_Cocoa_ID_vAfILA_2024_01.tif,Cocoa,1
ID_vMzA5w_Jan,2024,Jan,/content/drive/MyDrive/all_images_s2/s2_Cocoa_ID_vMzA5w_2024_01.tif,Cocoa,1
ID_YGpzrl_Jan,2024,Jan,/content/drive/MyDrive/all_images_s2/s2_Cocoa_ID_YGpzrl_2024_01.tif,Cocoa,1
ID_ThCl8T_Jan,2024,Jan,/content/drive/MyDrive/all_images_s2/s2_Cocoa_ID_ThCl8T_2024_01.tif,Cocoa,1
ID_chE450_Jan,2024,Jan,/content/drive/MyDrive/all_images_s2/s2_Cocoa_ID_chE450_2024_01.tif,Cocoa,1
ID_V8UMam_Jan,2024,Jan,/content/drive/MyDrive/all_images_s2/s2_Cocoa_ID_V8UMam_2024_01.tif,Cocoa,1
ID_l2azUi_Jan,2024,Jan,/content/drive/MyDrive/all_images_s2/s2_Cocoa_ID_l2azUi_2024_01.tif,Cocoa,1
ID_FTpRxS_Jan,2024,Jan,/content/drive/MyDrive/all_images_s2/s2_Cocoa_ID_FTpRxS_2024_01.tif,Cocoa,1
ID_jfS8CC_Jan,2024,Jan,/content/drive/MyDrive/all_images_s2/s2_Cocoa_ID_jfS8CC_2024_01.tif,Cocoa,1
ID_UzWehG_Jan,2024,Jan,/content/drive/MyDrive/all_images_s2/s2_Cocoa_ID_UzWehG_2024_01.tif,Cocoa,1
ID_tMRSv3_Jan,2024,Jan,/content/drive/MyDrive/all_images_s2/s2_Cocoa_ID_tMRSv3_2024_01.tif,Cocoa,1
ID_uW774j_Jan,2024,Jan,/content/drive/MyDrive/all_images_s2/s2_Cocoa_ID_uW774j_2024_01.tif,Cocoa,1
ID_QBCyEU_Jan,2024,Jan,/content/drive/MyDrive/all_images_s2/s2_Cocoa_ID_QBCyEU_2024_01.tif,Cocoa,1
ID_exL3DW_Jan,2024,Jan,/content/drive/MyDrive/all_images_s2/s2_Cocoa_ID_exL3DW_2024_01.tif,Cocoa,1
ID_x9uvii_Jan,2024,Jan,/content/drive/MyDrive/all_images_s2/s2_Cocoa_ID_x9uvii_2024_01.tif,Cocoa,1
ID_ErFgK9_Jan,2024,Jan,/content/drive/MyDrive/all_images_s2/s2_Cocoa_ID_ErFgK9_2024_01.tif,Cocoa,1
ID_62RCXL_Jan,2024,Jan,/content/drive/MyDrive/all_images_s2/s2_Cocoa_ID_62RCXL_2024_01.tif,Cocoa,1
ID_sHalLV_Jan,2024,Jan,/content/drive/MyDrive/all_images_s2/s2_Cocoa_ID_sHalLV_2024_01.tif,Cocoa,1
ID_04oT3P_Jan,2024,Jan,/content/drive/MyDrive/all_images_s2/s2_Cocoa_ID_04oT3P_2024_01.tif,Cocoa,1
ID_3XVSrZ_Jan,2024,Jan,/content/drive/MyDrive/all_images_s2/s2_Cocoa_ID_3XVSrZ_2024_01.tif,Cocoa,1
ID_Z9Tpq5_Jan,2024,Jan,/content/drive/MyDrive/all_images_s2/s2_Cocoa_ID_Z9Tpq5_2024_01.tif,Cocoa,1
ID_lAdpEv_Jan,2024,Jan,/content/drive/MyDrive/all_images_s2/s2_Cocoa_ID_lAdpEv_2024_01.tif,Cocoa,1
ID_JGxzwk_Jan,2024,Jan,/content/drive/MyDrive/all_images_s2/s2_Cocoa_ID_JGxzwk_2024_01.tif,Cocoa,1
ID_VqaKmi_Jan,2024,Jan,/content/drive/MyDrive/all_images_s2/s2_Cocoa_ID_VqaKmi_2024_01.tif,Cocoa,1
ID_o3jsTP_Jan,2024,Jan,/content/drive/MyDrive/all_images_s2/s2_Cocoa_ID_o3jsTP_2024_01.tif,Cocoa,1
ID_o9qG2A_Jan,2024,Jan,/content/drive/MyDrive/all_images_s2/s2_Cocoa_ID_o9qG2A_2024_01.tif,Cocoa,1
ID_GPldJG_Jan,2024,Jan,/content/drive/MyDrive/all_images_s2/s2_Cocoa_ID_GPldJG_2024_01.tif,Cocoa,1
ID_0Ev3E3_Jan,2024,Jan,/content/drive/MyDrive/all_images_s2/s2_Cocoa_ID_0Ev3E3_2024_01.tif,Cocoa,1
ID_NkpReD_Jan,2024,Jan,/content/drive/MyDrive/all_images_s2/s2_Cocoa_ID_NkpReD_2024_01.tif,Cocoa,1
ID_9vJz6i_Jan,2024,Jan,/content/drive/MyDrive/all_images_s2/s2_Cocoa_ID_9vJz6i_2024_01.tif,Cocoa,1
ID_TxNwFe_Jan,2024,Jan,/content/drive/MyDrive/all_images_s2/s2_Cocoa_ID_TxNwFe_2024_01.tif,Cocoa,1
ID_NhAWuc_Jan,2024,Jan,/content/drive/MyDrive/all_images_s2/s2_Cocoa_ID_NhAWuc_2024_01.tif,Cocoa,1
ID_XCQUIO_Jan,2024,Jan,/content/drive/MyDrive/all_images_s2/s2_Cocoa_ID_XCQUIO_2024_01.tif,Cocoa,1
ID_JUfSfX_Jan,2024,Jan,/content/drive/MyDrive/all_images_s2/s2_Cocoa_ID_JUfSfX_2024_01.tif,Cocoa,1
ID_YFEDrA_Jan,2024,Jan,/content/drive/MyDrive/all_images_s2/s2_Cocoa_ID_YFEDrA_2024_01.tif,Cocoa,1
ID_P6EN1L_Jan,2024,Jan,/content/drive/MyDrive/all_images_s2/s2_Cocoa_ID_P6EN1L_2024_01.tif,Cocoa,1
ID_afrWmB_Jan,2024,Jan,/content/drive/MyDrive/all_images_s2/s2_Cocoa_ID_afrWmB_2024_01.tif,Cocoa,1
ID_FnVYlQ_Jan,2024,Jan,/content/drive/MyDrive/all_images_s2/s2_Cocoa_ID_FnVYlQ_2024_01.tif,Cocoa,1
ID_lR86N5_Jan,2024,Jan,/content/drive/MyDrive/all_images_s2/s2_Cocoa_ID_lR86N5_2024_01.tif,Cocoa,1
ID_IKsBr9_Jan,2024,Jan,/content/drive/MyDrive/all_images_s2/s2_Cocoa_ID_IKsBr9_2024_01.tif,Cocoa,1
ID_uBsCf6_Jan,2024,Jan,/content/drive/MyDrive/all_images_s2/s2_Cocoa_ID_uBsCf6_2024_01.tif,Cocoa,1
ID_oKlldB_Jan,2024,Jan,/content/drive/MyDrive/all_images_s2/s2_Cocoa_ID_oKlldB_2024_01.tif,Cocoa,1
ID_LhbQn9_Jan,2024,Jan,/content/drive/MyDrive/all_images_s2/s2_Cocoa_ID_LhbQn9_2024_01.tif,Cocoa,1
ID_o8ZNsZ_Jan,2024,Jan,/content/drive/MyDrive/all_images_s2/s2_Cocoa_ID_o8ZNsZ_2024_01.tif,Cocoa,1
ID_PrXoyW_Jan,2024,Jan,/content/drive/MyDrive/all_images_s2/s2_Cocoa_ID_PrXoyW_2024_01.tif,Cocoa,1
ID_gdbFWm_Jan,2024,Jan,/content/drive/MyDrive/all_images_s2/s2_Cocoa_ID_gdbFWm_2024_01.tif,Cocoa,1
ID_mFldm8_Jan,2024,Jan,/content/drive/MyDrive/all_images_s2/s2_Cocoa_ID_mFldm8_2024_01.tif,Cocoa,1
ID_dClfEB_Jan,2024,Jan,/content/drive/MyDrive/all_images_s2/s2_Cocoa_ID_dClfEB_2024_01.tif,Cocoa,1
ID_qNLLUX_Jan,2024,Jan,/content/drive/MyDrive/all_images_s2/s2_Cocoa_ID_qNLLUX_2024_01.tif,Cocoa,1
ID_hszJl0_Jan,2024,Jan,/content/drive/MyDrive/all_images_s2/s2_Cocoa_ID_hszJl0_2024_01.tif,Cocoa,1
ID_t0PKAi_Jan,2024,Jan,/content/drive/MyDrive/all_images_s2/s2_Cocoa_ID_t0PKAi_2024_01.tif,Cocoa,1
ID_umxIij_Jan,2024,Jan,/content/drive/MyDrive/all_images_s2/s2_Cocoa_ID_umxIij_2024_01.tif,Cocoa,1
ID_9SE77y_Jan,2024,Jan,/content/drive/MyDrive/all_images_s2/s2_Cocoa_ID_9SE77y_2024_01.tif,Cocoa,1
ID_l6iGim_Jan,2024,Jan,/content/drive/MyDrive/all_images_s2/s2_Cocoa_ID_l6iGim_2024_01.tif,Cocoa,1
ID_hvCWyy_Jan,2024,Jan,/content/drive/MyDrive/all_images_s2/s2_Cocoa_ID_hvCWyy_2024_01.tif,Cocoa,1
ID_rcIpVh_Jan,2024,Jan,/content/drive/MyDrive/all_images_s2/s2_Cocoa_ID_rcIpVh_2024_01.tif,Cocoa,1
ID_rxxjrJ_Jan,2024,Jan,/content/drive/MyDrive/all_images_s2/s2_Cocoa_ID_rxxjrJ_2024_01.tif,Cocoa,1
ID_hRkcbN_Jan,2024,Jan,/content/drive/MyDrive/all_images_s2/s2_Cocoa_ID_hRkcbN_2024_01.tif,Cocoa,1
ID_J9JfGF_Jan,2024,Jan,/content/drive/MyDrive/all_images_s2/s2_Cocoa_ID_J9JfGF_2024_01.tif,Cocoa,1
ID_BIDLS8_Jan,2024,Jan,/content/drive/MyDrive/all_images_s2/s2_Cocoa_ID_BIDLS8_2024_01.tif,Cocoa,1
ID_1uTElF_Jan,2024,Jan,/content/drive/MyDrive/all_images_s2/s2_Cocoa_ID_1uTElF_2024_01.tif,Cocoa,1
ID_MFG4Iv_Jan,2024,Jan,/content/drive/MyDrive/all_images_s2/s2_Cocoa_ID_MFG4Iv_2024_01.tif,Cocoa,1
ID_BJNZhp_Jan,2024,Jan,/content/drive/MyDrive/all_images_s2/s2_Cocoa_ID_BJNZhp_2024_01.tif,Cocoa,1
ID_py5zH9_Jan,2024,Jan,/content/drive/MyDrive/all_images_s2/s2_Cocoa_ID_py5zH9_2024_01.tif,Cocoa,1
ID_L4dGFK_Jan,2024,Jan,/content/drive/MyDrive/all_images_s2/s2_Cocoa_ID_L4dGFK_2024_01.tif,Cocoa,1
ID_R5X5kR_Jan,2024,Jan,/content/drive/MyDrive/all_images_s2/s2_Cocoa_ID_R5X5kR_2024_01.tif,Cocoa,1
ID_ss3ZxW_Jan,2024,Jan,/content/drive/MyDrive/all_images_s2/s2_Cocoa_ID_ss3ZxW_2024_01.tif,Cocoa,1
ID_vxyBMP_Jan,2024,Jan,/content/drive/MyDrive/all_images_s2/s2_Cocoa_ID_vxyBMP_2024_01.tif,Cocoa,1
ID_ApUKy7_Jan,2024,Jan,/content/drive/MyDrive/all_images_s2/s2_Cocoa_ID_ApUKy7_2024_01.tif,Cocoa,1
ID_9NCVLR_Jan,2024,Jan,/content/drive/MyDrive/all_images_s2/s2_Cocoa_ID_9NCVLR_2024_01.tif,Cocoa,1
ID_ihpcXA_Jan,2024,Jan,/content/drive/MyDrive/all_images_s2/s2_Cocoa_ID_ihpcXA_2024_01.tif,Cocoa,1
ID_aOKf8d_Jan,2024,Jan,/content/drive/MyDrive/all_images_s2/s2_Cocoa_ID_aOKf8d_2024_01.tif,Cocoa,1
ID_DYHEnS_Jan,2024,Jan,/content/drive/MyDrive/all_images_s2/s2_Cocoa_ID_DYHEnS_2024_01.tif,Cocoa,1
ID_KCzAcR_Jan,2024,Jan,/content/drive/MyDrive/all_images_s2/s2_Cocoa_ID_KCzAcR_2024_01.tif,Cocoa,1
ID_pUN1ZQ_Jan,2024,Jan,/content/drive/MyDrive/all_images_s2/s2_Cocoa_ID_pUN1ZQ_2024_01.tif,Cocoa,1
ID_tFfZtq_Jan,2024,Jan,/content/drive/MyDrive/all_images_s2/s2_Cocoa_ID_tFfZtq_2024_01.tif,Cocoa,1
ID_9OR0La_Jan,2024,Jan,/content/drive/MyDrive/all_images_s2/s2_Cocoa_ID_9OR0La_2024_01.tif,Cocoa,1
ID_ciU4RD_Jan,2024,Jan,/content/drive/MyDrive/all_images_s2/s2_Cocoa_ID_ciU4RD_2024_01.tif,Cocoa,1
ID_jg635w_Jan,2024,Jan,/content/drive/MyDrive/all_images_s2/s2_Cocoa_ID_jg635w_2024_01.tif,Cocoa,1
ID_8hYF20_Jan,2024,Jan,/content/drive/MyDrive/all_images_s2/s2_Cocoa_ID_8hYF20_2024_01.tif,Cocoa,1
ID_f3z7Ff_Jan,2024,Jan,/content/drive/MyDrive/all_images_s2/s2_Cocoa_ID_f3z7Ff_2024_01.tif,Cocoa,1
ID_tXYi5t_Jan,2024,Jan,/content/drive/MyDrive/all_images_s2/s2_Cocoa_ID_tXYi5t_2024_01.tif,Cocoa,1
ID_xFb5HA_Jan,2024,Jan,/content/drive/MyDrive/all_images_s2/s2_Cocoa_ID_xFb5HA_2024_01.tif,Cocoa,1
ID_9xSwlf_Jan,2024,Jan,/content/drive/MyDrive/all_images_s2/s2_Cocoa_ID_9xSwlf_2024_01.tif,Cocoa,1
ID_bZnJsr_Jan,2024,Jan,/content/drive/MyDrive/all_images_s2/s2_Cocoa_ID_bZnJsr_2024_01.tif,Cocoa,1
ID_XdsmNq_Jan,2024,Jan,/content/drive/MyDrive/all_images_s2/s2_Cocoa_ID_XdsmNq_2024_01.tif,Cocoa,1
ID_WmGbMs_Jan,2024,Jan,/content/drive/MyDrive/all_images_s2/s2_Cocoa_ID_WmGbMs_2024_01.tif,Cocoa,1
ID_5MG88g_Jan,2024,Jan,/content/drive/MyDrive/all_images_s2/s2_Cocoa_ID_5MG88g_2024_01.tif,Cocoa,1
ID_4V9Y8K_Jan,2024,Jan,/content/drive/MyDrive/all_images_s2/s2_Cocoa_ID_4V9Y8K_2024_01.tif,Cocoa,1
ID_sjH9tx_Jan,2024,Jan,/content/drive/MyDrive/all_images_s2/s2_Cocoa_ID_sjH9tx_2024_01.tif,Cocoa,1
ID_IzjKSm_Jan,2024,Jan,/content/drive/MyDrive/all_images_s2/s2_Cocoa_ID_IzjKSm_2024_01.tif,Cocoa,1
ID_mz20tf_Jan,2024,Jan,/content/drive/MyDrive/all_images_s2/s2_Cocoa_ID_mz20tf_2024_01.tif,Cocoa,1
ID_LwErPQ_Jan,2024,Jan,/content/drive/MyDrive/all_images_s2/s2_Cocoa_ID_LwErPQ_2024_01.tif,Cocoa,1
ID_xCiaBX_Jan,2024,Jan,/content/drive/MyDrive/all_images_s2/s2_Cocoa_ID_xCiaBX_2024_01.tif,Cocoa,1
ID_e9WnVY_Jan,2024,Jan,/content/drive/MyDrive/all_images_s2/s2_Cocoa_ID_e9WnVY_2024_01.tif,Cocoa,1
ID_2zpFXG_Jan,2024,Jan,/content/drive/MyDrive/all_images_s2/s2_Cocoa_ID_2zpFXG_2024_01.tif,Cocoa,1
ID_ZNAUfb_Jan,2024,Jan,/content/drive/MyDrive/all_images_s2/s2_Cocoa_ID_ZNAUfb_2024_01.tif,Cocoa,1
ID_U8eNiv_Jan,2024,Jan,/content/drive/MyDrive/all_images_s2/s2_Cocoa_ID_U8eNiv_2024_01.tif,Cocoa,1
ID_kj7jHm_Jan,2024,Jan,/content/drive/MyDrive/all_images_s2/s2_Cocoa_ID_kj7jHm_2024_01.tif,Cocoa,1
ID_68xfru_Jan,2024,Jan,/content/drive/MyDrive/all_images_s2/s2_Cocoa_ID_68xfru_2024_01.tif,Cocoa,1
ID_07h9UE_Jan,2024,Jan,/content/drive/MyDrive/all_images_s2/s2_Cocoa_ID_07h9UE_2024_01.tif,Cocoa,1
ID_uh6IW0_Jan,2024,Jan,/content/drive/MyDrive/all_images_s2/s2_Cocoa_ID_uh6IW0_2024_01.tif,Cocoa,1
ID_4HayCm_Jan,2024,Jan,/content/drive/MyDrive/all_images_s2/s2_Cocoa_ID_4HayCm_2024_01.tif,Cocoa,1
ID_YucpHT_Jan,2024,Jan,/content/drive/MyDrive/all_images_s2/s2_Cocoa_ID_YucpHT_2024_01.tif,Cocoa,1
ID_3L5WUl_Jan,2024,Jan,/content/drive/MyDrive/all_images_s2/s2_Cocoa_ID_3L5WUl_2024_01.tif,Cocoa,1
ID_vguxnP_Jan,2024,Jan,/content/drive/MyDrive/all_images_s2/s2_Cocoa_ID_vguxnP_2024_01.tif,Cocoa,1
ID_Nuldgm_Jan,2024,Jan,/content/drive/MyDrive/all_images_s2/s2_Cocoa_ID_Nuldgm_2024_01.tif,Cocoa,1
ID_iJ2tgN_Jan,2024,Jan,/content/drive/MyDrive/all_images_s2/s2_Cocoa_ID_iJ2tgN_2024_01.tif,Cocoa,1
ID_LhWthh_Jan,2024,Jan,/content/drive/MyDrive/all_images_s2/s2_Cocoa_ID_LhWthh_2024_01.tif,Cocoa,1
ID_wVKs4w_Jan,2024,Jan,/content/drive/MyDrive/all_images_s2/s2_Cocoa_ID_wVKs4w_2024_01.tif,Cocoa,1
ID_fWF5B4_Jan,2024,Jan,/content/drive/MyDrive/all_images_s2/s2_Cocoa_ID_fWF5B4_2024_01.tif,Cocoa,1
ID_5vjo5F_Jan,2024,Jan,/content/drive/MyDrive/all_images_s2/s2_Cocoa_ID_5vjo5F_2024_01.tif,Cocoa,1
ID_tBzE7W_Jan,2024,Jan,/content/drive/MyDrive/all_images_s2/s2_Cocoa_ID_tBzE7W_2024_01.tif,Cocoa,1
ID_WwM5M7_Jan,2024,Jan,/content/drive/MyDrive/all_images_s2/s2_Cocoa_ID_WwM5M7_2024_01.tif,Cocoa,1
ID_J4XESz_Jan,2024,Jan,/content/drive/MyDrive/all_images_s2/s2_Cocoa_ID_J4XESz_2024_01.tif,Cocoa,1
ID_tTz6dU_Jan,2024,Jan,/content/drive/MyDrive/all_images_s2/s2_Cocoa_ID_tTz6dU_2024_01.tif,Cocoa,1
ID_0cLg0z_Jan,2024,Jan,/content/drive/MyDrive/all_images_s2/s2_Cocoa_ID_0cLg0z_2024_01.tif,Cocoa,1
ID_2Iitfb_Jan,2024,Jan,/content/drive/MyDrive/all_images_s2/s2_Cocoa_ID_2Iitfb_2024_01.tif,Cocoa,1
ID_K7gd2l_Jan,2024,Jan,/content/drive/MyDrive/all_images_s2/s2_Cocoa_ID_K7gd2l_2024_01.tif,Cocoa,1
ID_1KayuD_Jan,2024,Jan,/content/drive/MyDrive/all_images_s2/s2_Cocoa_ID_1KayuD_2024_01.tif,Cocoa,1
ID_nAR8cX_Jan,2024,Jan,/content/drive/MyDrive/all_images_s2/s2_Cocoa_ID_nAR8cX_2024_01.tif,Cocoa,1
ID_zlBrAC_Jan,2024,Jan,/content/drive/MyDrive/all_images_s2/s2_Cocoa_ID_zlBrAC_2024_01.tif,Cocoa,1
ID_7ObNjL_Jan,2024,Jan,/content/drive/MyDrive/all_images_s2/s2_Cocoa_ID_7ObNjL_2024_01.tif,Cocoa,1
ID_sgnMbR_Jan,2024,Jan,/content/drive/MyDrive/all_images_s2/s2_Cocoa_ID_sgnMbR_2024_01.tif,Cocoa,1
ID_0r7389_Jan,2024,Jan,/content/drive/MyDrive/all_images_s2/s2_Cocoa_ID_0r7389_2024_01.tif,Cocoa,1
ID_xHrB1E_Jan,2024,Jan,/content/drive/MyDrive/all_images_s2/s2_Cocoa_ID_xHrB1E_2024_01.tif,Cocoa,1
ID_th25a2_Jan,2024,Jan,/content/drive/MyDrive/all_images_s2/s2_Cocoa_ID_th25a2_2024_01.tif,Cocoa,1
ID_qmgKJU_Jan,2024,Jan,/content/drive/MyDrive/all_images_s2/s2_Cocoa_ID_qmgKJU_2024_01.tif,Cocoa,1
ID_kQfHDX_Jan,2024,Jan,/content/drive/MyDrive/all_images_s2/s2_Palm_ID_kQfHDX_2024_01.tif,Palm,2
ID_ltjZYm_Jan,2024,Jan,/content/drive/MyDrive/all_images_s2/s2_Rubber_ID_ltjZYm_2024_01.tif,Rubber,3
ID_MHjr5N_Jan,2024,Jan,/content/drive/MyDrive/all_images_s2/s2_Cocoa_ID_MHjr5N_2024_01.tif,Cocoa,1
ID_84UIqW_Jan,2024,Jan,/content/drive/MyDrive/all_images_s2/s2_Palm_ID_84UIqW_2024_01.tif,Palm,2
ID_gfYv2q_Jan,2024,Jan,/content/drive/MyDrive/all_images_s2/s2_Palm_ID_gfYv2q_2024_01.tif,Palm,2
ID_FoYWWS_Jan,2024,Jan,/content/drive/MyDrive/all_images_s2/s2_Rubber_ID_FoYWWS_2024_01.tif,Rubber,3
ID_CTzZ6l_Jan,2024,Jan,/content/drive/MyDrive/all_images_s2/s2_Palm_ID_CTzZ6l_2024_01.tif,Palm,2
ID_56QX08_Jan,2024,Jan,/content/drive/MyDrive/all_images_s2/s2_Cocoa_ID_56QX08_2024_01.tif,Cocoa,1
ID_ST2dOD_Jan,2024,Jan,/content/drive/MyDrive/all_images_s2/s2_Palm_ID_ST2dOD_2024_01.tif,Palm,2
ID_LQo35s_Jan,2024,Jan,/content/drive/MyDrive/all_images_s2/s2_Cocoa_ID_LQo35s_2024_01.tif,Cocoa,1
ID_pKq03r_Jan,2024,Jan,/content/drive/MyDrive/all_images_s2/s2_Palm_ID_pKq03r_2024_01.tif,Palm,2
ID_xH2wnR_Jan,2024,Jan,/content/drive/MyDrive/all_images_s2/s2_Palm_ID_xH2wnR_2024_01.tif,Palm,2
ID_aVlrfs_Jan,2024,Jan,/content/drive/MyDrive/all_images_s2/s2_Palm_ID_aVlrfs_2024_01.tif,Palm,2
ID_kSCI4q_Jan,2024,Jan,/content/drive/MyDrive/all_images_s2/s2_Rubber_ID_kSCI4q_2024_01.tif,Rubber,3
ID_UGZs6U_Jan,2024,Jan,/content/drive/MyDrive/all_images_s2/s2_Palm_ID_UGZs6U_2024_01.tif,Palm,2
ID_QSm801_Jan,2024,Jan,/content/drive/MyDrive/all_images_s2/s2_Cocoa_ID_QSm801_2024_01.tif,Cocoa,1
ID_ZSWcw7_Jan,2024,Jan,/content/drive/MyDrive/all_images_s2/s2_Palm_ID_ZSWcw7_2024_01.tif,Palm,2
ID_HRmrtl_Jan,2024,Jan,/content/drive/MyDrive/all_images_s2/s2_Rubber_ID_HRmrtl_2024_01.tif,Rubber,3
ID_GPxUqE_Jan,2024,Jan,/content/drive/MyDrive/all_images_s2/s2_Palm_ID_GPxUqE_2024_01.tif,Palm,2
ID_t51uRO_Jan,2024,Jan,/content/drive/MyDrive/all_images_s2/s2_Rubber_ID_t51uRO_2024_01.tif,Rubber,3
ID_cMqstq_Jan,2024,Jan,/content/drive/MyDrive/all_images_s2/s2_Palm_ID_cMqstq_2024_01.tif,Palm,2
ID_8NJ7AN_Jan,2024,Jan,/content/drive/MyDrive/all_images_s2/s2_Palm_ID_8NJ7AN_2024_01.tif,Palm,2
ID_6gMkE4_Jan,2024,Jan,/content/drive/MyDrive/all_images_s2/s2_Palm_ID_6gMkE4_2024_01.tif,Palm,2
ID_cOkiY3_Jan,2024,Jan,/content/drive/MyDrive/all_images_s2/s2_Palm_ID_cOkiY3_2024_01.tif,Palm,2
ID_K1Bg30_Jan,2024,Jan,/content/drive/MyDrive/all_images_s2/s2_Palm_ID_K1Bg30_2024_01.tif,Palm,2
ID_Eydsbv_Jan,2024,Jan,/content/drive/MyDrive/all_images_s2/s2_Palm_ID_Eydsbv_2024_01.tif,Palm,2
ID_MFgN4j_Jan,2024,Jan,/content/drive/MyDrive/all_images_s2/s2_Rubber_ID_MFgN4j_2024_01.tif,Rubber,3
ID_9tBbwt_Jan,2024,Jan,/content/drive/MyDrive/all_images_s2/s2_Rubber_ID_9tBbwt_2024_01.tif,Rubber,3
ID_GztRzm_Jan,2024,Jan,/content/drive/MyDrive/all_images_s2/s2_Palm_ID_GztRzm_2024_01.tif,Palm,2
ID_keLRF8_Jan,2024,Jan,/content/drive/MyDrive/all_images_s2/s2_Rubber_ID_keLRF8_2024_01.tif,Rubber,3
ID_iWNoJy_Jan,2024,Jan,/content/drive/MyDrive/all_images_s2/s2_Palm_ID_iWNoJy_2024_01.tif,Palm,2
ID_H3Phum_Jan,2024,Jan,/content/drive/MyDrive/all_images_s2/s2_Palm_ID_H3Phum_2024_01.tif,Palm,2
ID_FiF2Z2_Jan,2024,Jan,/content/drive/MyDrive/all_images_s2/s2_Palm_ID_FiF2Z2_2024_01.tif,Palm,2
ID_ZNDQEG_Jan,2024,Jan,/content/drive/MyDrive/all_images_s2/s2_Palm_ID_ZNDQEG_2024_01.tif,Palm,2
ID_4X11RP_Jan,2024,Jan,/content/drive/MyDrive/all_images_s2/s2_Rubber_ID_4X11RP_2024_01.tif,Rubber,3
ID_kPUMKs_Jan,2024,Jan,/content/drive/MyDrive/all_images_s2/s2_Cocoa_ID_kPUMKs_2024_01.tif,Cocoa,1
ID_l9gNFG_Jan,2024,Jan,/content/drive/MyDrive/all_images_s2/s2_Cocoa_ID_l9gNFG_2024_01.tif,Cocoa,1
ID_5BqDot_Jan,2024,Jan,/content/drive/MyDrive/all_images_s2/s2_Cocoa_ID_5BqDot_2024_01.tif,Cocoa,1
ID_nlE9I5_Jan,2024,Jan,/content/drive/MyDrive/all_images_s2/s2_Rubber_ID_nlE9I5_2024_01.tif,Rubber,3
ID_M5IIcI_Jan,2024,Jan,/content/drive/MyDrive/all_images_s2/s2_Palm_ID_M5IIcI_2024_01.tif,Palm,2
ID_IxvMiq_Jan,2024,Jan,/content/drive/MyDrive/all_images_s2/s2_Palm_ID_IxvMiq_2024_01.tif,Palm,2
ID_S7LJyu_Jan,2024,Jan,/content/drive/MyDrive/all_images_s2/s2_Rubber_ID_S7LJyu_2024_01.tif,Rubber,3
ID_RTMIya_Jan,2024,Jan,/content/drive/MyDrive/all_images_s2/s2_Rubber_ID_RTMIya_2024_01.tif,Rubber,3
ID_H2WPFZ_Jan,2024,Jan,/content/drive/MyDrive/all_images_s2/s2_Rubber_ID_H2WPFZ_2024_01.tif,Rubber,3
ID_fm2v4V_Jan,2024,Jan,/content/drive/MyDrive/all_images_s2/s2_Palm_ID_fm2v4V_2024_01.tif,Palm,2
ID_kRZ2As_Jan,2024,Jan,/content/drive/MyDrive/all_images_s2/s2_Palm_ID_kRZ2As_2024_01.tif,Palm,2
ID_7kaSuk_Jan,2024,Jan,/content/drive/MyDrive/all_images_s2/s2_Rubber_ID_7kaSuk_2024_01.tif,Rubber,3
ID_ldtV9l_Jan,2024,Jan,/content/drive/MyDrive/all_images_s2/s2_Palm_ID_ldtV9l_2024_01.tif,Palm,2
ID_9WOLCB_Jan,2024,Jan,/content/drive/MyDrive/all_images_s2/s2_Palm_ID_9WOLCB_2024_01.tif,Palm,2
ID_HgzIMz_Jan,2024,Jan,/content/drive/MyDrive/all_images_s2/s2_Rubber_ID_HgzIMz_2024_01.tif,Rubber,3
ID_7NaKEq_Jan,2024,Jan,/content/drive/MyDrive/all_images_s2/s2_Palm_ID_7NaKEq_2024_01.tif,Palm,2
ID_nDLEvi_Jan,2024,Jan,/content/drive/MyDrive/all_images_s2/s2_Rubber_ID_nDLEvi_2024_01.tif,Rubber,3
ID_HnNuRr_Jan,2024,Jan,/content/drive/MyDrive/all_images_s2/s2_Rubber_ID_HnNuRr_2024_01.tif,Rubber,3
ID_JvGeAZ_Jan,2024,Jan,/content/drive/MyDrive/all_images_s2/s2_Rubber_ID_JvGeAZ_2024_01.tif,Rubber,3
ID_pcNPj3_Jan,2024,Jan,/content/drive/MyDrive/all_images_s2/s2_Rubber_ID_pcNPj3_2024_01.tif,Rubber,3
ID_O8mEyG_Jan,2024,Jan,/content/drive/MyDrive/all_images_s2/s2_Rubber_ID_O8mEyG_2024_01.tif,Rubber,3
ID_zqAsU4_Jan,2024,Jan,/content/drive/MyDrive/all_images_s2/s2_Rubber_ID_zqAsU4_2024_01.tif,Rubber,3
ID_oEImLf_Jan,2024,Jan,/content/drive/MyDrive/all_images_s2/s2_Rubber_ID_oEImLf_2024_01.tif,Rubber,3
ID_FvKbhy_Jan,2024,Jan,/content/drive/MyDrive/all_images_s2/s2_Rubber_ID_FvKbhy_2024_01.tif,Rubber,3
ID_gAWpBr_Jan,2024,Jan,/content/drive/MyDrive/all_images_s2/s2_Rubber_ID_gAWpBr_2024_01.tif,Rubber,3
ID_fN6psm_Jan,2024,Jan,/content/drive/MyDrive/all_images_s2/s2_Rubber_ID_fN6psm_2024_01.tif,Rubber,3
ID_tH64nr_Jan,2024,Jan,/content/drive/MyDrive/all_images_s2/s2_Rubber_ID_tH64nr_2024_01.tif,Rubber,3
ID_4HRBeO_Jan,2024,Jan,/content/drive/MyDrive/all_images_s2/s2_Rubber_ID_4HRBeO_2024_01.tif,Rubber,3
ID_AcSjsm_Jan,2024,Jan,/content/drive/MyDrive/all_images_s2/s2_Rubber_ID_AcSjsm_2024_01.tif,Rubber,3
ID_8BtI0h_Jan,2024,Jan,/content/drive/MyDrive/all_images_s2/s2_Rubber_ID_8BtI0h_2024_01.tif,Rubber,3
ID_9Ttcmy_Jan,2024,Jan,/content/drive/MyDrive/all_images_s2/s2_Palm_ID_9Ttcmy_2024_01.tif,Palm,2
ID_ZXurcq_Jan,2024,Jan,/content/drive/MyDrive/all_images_s2/s2_Rubber_ID_ZXurcq_2024_01.tif,Rubber,3
ID_jFjQgg_Jan,2024,Jan,/content/drive/MyDrive/all_images_s2/s2_Palm_ID_jFjQgg_2024_01.tif,Palm,2
ID_CI5Ct4_Jan,2024,Jan,/content/drive/MyDrive/all_images_s2/s2_Rubber_ID_CI5Ct4_2024_01.tif,Rubber,3
ID_4WowCy_Jan,2024,Jan,/content/drive/MyDrive/all_images_s2/s2_Rubber_ID_4WowCy_2024_01.tif,Rubber,3
ID_832ncz_Jan,2024,Jan,/content/drive/MyDrive/all_images_s2/s2_Palm_ID_832ncz_2024_01.tif,Palm,2
ID_WJUkag_Jan,2024,Jan,/content/drive/MyDrive/all_images_s2/s2_Rubber_ID_WJUkag_2024_01.tif,Rubber,3
ID_hK67Nu_Jan,2024,Jan,/content/drive/MyDrive/all_images_s2/s2_Palm_ID_hK67Nu_2024_01.tif,Palm,2
ID_zeRXwn_Jan,2024,Jan,/content/drive/MyDrive/all_images_s2/s2_Rubber_ID_zeRXwn_2024_01.tif,Rubber,3
ID_kQj7vl_Jan,2024,Jan,/content/drive/MyDrive/all_images_s2/s2_Rubber_ID_kQj7vl_2024_01.tif,Rubber,3
ID_EVmIw4_Jan,2024,Jan,/content/drive/MyDrive/all_images_s2/s2_Rubber_ID_EVmIw4_2024_01.tif,Rubber,3
ID_MiDFDX_Jan,2024,Jan,/content/drive/MyDrive/all_images_s2/s2_Rubber_ID_MiDFDX_2024_01.tif,Rubber,3
ID_JRHCUi_Jan,2024,Jan,/content/drive/MyDrive/all_images_s2/s2_Rubber_ID_JRHCUi_2024_01.tif,Rubber,3
ID_ev9hbL_Jan,2024,Jan,/content/drive/MyDrive/all_images_s2/s2_Rubber_ID_ev9hbL_2024_01.tif,Rubber,3
ID_kXhOuK_Jan,2024,Jan,/content/drive/MyDrive/all_images_s2/s2_Palm_ID_kXhOuK_2024_01.tif,Palm,2
ID_Wb0EPf_Jan,2024,Jan,/content/drive/MyDrive/all_images_s2/s2_Rubber_ID_Wb0EPf_2024_01.tif,Rubber,3
ID_dGzSAd_Jan,2024,Jan,/content/drive/MyDrive/all_images_s2/s2_Rubber_ID_dGzSAd_2024_01.tif,Rubber,3
ID_WdCWCr_Jan,2024,Jan,/content/drive/MyDrive/all_images_s2/s2_Rubber_ID_WdCWCr_2024_01.tif,Rubber,3
ID_kwmrrA_Jan,2024,Jan,/content/drive/MyDrive/all_images_s2/s2_Palm_ID_kwmrrA_2024_01.tif,Palm,2
ID_M2eYkY_Jan,2024,Jan,/content/drive/MyDrive/all_images_s2/s2_Rubber_ID_M2eYkY_2024_01.tif,Rubber,3
ID_aHw8nI_Jan,2024,Jan,/content/drive/MyDrive/all_images_s2/s2_Rubber_ID_aHw8nI_2024_01.tif,Rubber,3
ID_cVK7zH_Jan,2024,Jan,/content/drive/MyDrive/all_images_s2/s2_Palm_ID_cVK7zH_2024_01.tif,Palm,2
ID_elvXdZ_Jan,2024,Jan,/content/drive/MyDrive/all_images_s2/s2_Palm_ID_elvXdZ_2024_01.tif,Palm,2
ID_beCTik_Jan,2024,Jan,/content/drive/MyDrive/all_images_s2/s2_Palm_ID_beCTik_2024_01.tif,Palm,2
ID_l1VN3U_Jan,2024,Jan,/content/drive/MyDrive/all_images_s2/s2_Rubber_ID_l1VN3U_2024_01.tif,Rubber,3
ID_JtDMBo_Jan,2024,Jan,/content/drive/MyDrive/all_images_s2/s2_Palm_ID_JtDMBo_2024_01.tif,Palm,2
ID_ZP22nx_Jan,2024,Jan,/content/drive/MyDrive/all_images_s2/s2_Palm_ID_ZP22nx_2024_01.tif,Palm,2
ID_ftbl3T_Jan,2024,Jan,/content/drive/MyDrive/all_images_s2/s2_Palm_ID_ftbl3T_2024_01.tif,Palm,2
ID_vrlmsF_Jan,2024,Jan,/content/drive/MyDrive/all_images_s2/s2_Palm_ID_vrlmsF_2024_01.tif,Palm,2
ID_v4KHmp_Jan,2024,Jan,/content/drive/MyDrive/all_images_s2/s2_Palm_ID_v4KHmp_2024_01.tif,Palm,2
ID_ORc4fp_Jan,2024,Jan,/content/drive/MyDrive/all_images_s2/s2_Palm_ID_ORc4fp_2024_01.tif,Palm,2
ID_G5nKnL_Jan,2024,Jan,/content/drive/MyDrive/all_images_s2/s2_Palm_ID_G5nKnL_2024_01.tif,Palm,2
ID_8hrgCJ_Jan,2024,Jan,/content/drive/MyDrive/all_images_s2/s2_Palm_ID_8hrgCJ_2024_01.tif,Palm,2
ID_OUCLe5_Jan,2024,Jan,/content/drive/MyDrive/all_images_s2/s2_Palm_ID_OUCLe5_2024_01.tif,Palm,2
ID_DxAwVq_Jan,2024,Jan,/content/drive/MyDrive/all_images_s2/s2_Palm_ID_DxAwVq_2024_01.tif,Palm,2
ID_rthIgM_Jan,2024,Jan,/content/drive/MyDrive/all_images_s2/s2_Palm_ID_rthIgM_2024_01.tif,Palm,2
ID_Xs2Jw6_Jan,2024,Jan,/content/drive/MyDrive/all_images_s2/s2_Cocoa_ID_Xs2Jw6_2024_01.tif,Cocoa,1
ID_pkc6wB_Jan,2024,Jan,/content/drive/MyDrive/all_images_s2/s2_Cocoa_ID_pkc6wB_2024_01.tif,Cocoa,1
ID_2qhid9_Jan,2024,Jan,/content/drive/MyDrive/all_images_s2/s2_Cocoa_ID_2qhid9_2024_01.tif,Cocoa,1
ID_Et5A8m_Jan,2024,Jan,/content/drive/MyDrive/all_images_s2/s2_Cocoa_ID_Et5A8m_2024_01.tif,Cocoa,1
ID_yfvJ6c_Jan,2024,Jan,/content/drive/MyDrive/all_images_s2/s2_Cocoa_ID_yfvJ6c_2024_01.tif,Cocoa,1
ID_S2kGyn_Jan,2024,Jan,/content/drive/MyDrive/all_images_s2/s2_Cocoa_ID_S2kGyn_2024_01.tif,Cocoa,1
ID_UG7Kyu_Jan,2024,Jan,/content/drive/MyDrive/all_images_s2/s2_Cocoa_ID_UG7Kyu_2024_01.tif,Cocoa,1
ID_rzSiC0_Jan,2024,Jan,/content/drive/MyDrive/all_images_s2/s2_Cocoa_ID_rzSiC0_2024_01.tif,Cocoa,1
ID_PFZj8d_Jan,2024,Jan,/content/drive/MyDrive/all_images_s2/s2_Cocoa_ID_PFZj8d_2024_01.tif,Cocoa,1
ID_GXHcYo_Jan,2024,Jan,/content/drive/MyDrive/all_images_s2/s2_Cocoa_ID_GXHcYo_2024_01.tif,Cocoa,1
ID_ZiZDqY_Jan,2024,Jan,/content/drive/MyDrive/all_images_s2/s2_Cocoa_ID_ZiZDqY_2024_01.tif,Cocoa,1
ID_PqtahV_Jan,2024,Jan,/content/drive/MyDrive/all_images_s2/s2_Cocoa_ID_PqtahV_2024_01.tif,Cocoa,1
ID_tDvJLj_Jan,2024,Jan,/content/drive/MyDrive/all_images_s2/s2_Cocoa_ID_tDvJLj_2024_01.tif,Cocoa,1
ID_2lyEM5_Jan,2024,Jan,/content/drive/MyDrive/all_images_s2/s2_Cocoa_ID_2lyEM5_2024_01.tif,Cocoa,1
ID_ekexlK_Jan,2024,Jan,/content/drive/MyDrive/all_images_s2/s2_Cocoa_ID_ekexlK_2024_01.tif,Cocoa,1
ID_QijVM6_Jan,2024,Jan,/content/drive/MyDrive/all_images_s2/s2_Cocoa_ID_QijVM6_2024_01.tif,Cocoa,1
ID_1K7TuM_Jan,2024,Jan,/content/drive/MyDrive/all_images_s2/s2_Cocoa_ID_1K7TuM_2024_01.tif,Cocoa,1
ID_ZNRIrY_Jan,2024,Jan,/content/drive/MyDrive/all_images_s2/s2_Cocoa_ID_ZNRIrY_2024_01.tif,Cocoa,1
ID_9DzdeN_Jan,2024,Jan,/content/drive/MyDrive/all_images_s2/s2_Cocoa_ID_9DzdeN_2024_01.tif,Cocoa,1
ID_TcZEjW_Jan,2024,Jan,/content/drive/MyDrive/all_images_s2/s2_Cocoa_ID_TcZEjW_2024_01.tif,Cocoa,1
ID_khPjaI_Jan,2024,Jan,/content/drive/MyDrive/all_images_s2/s2_Cocoa_ID_khPjaI_2024_01.tif,Cocoa,1
ID_uH3Skc_Jan,2024,Jan,/content/drive/MyDrive/all_images_s2/s2_Cocoa_ID_uH3Skc_2024_01.tif,Cocoa,1
ID_cBlzvH_Jan,2024,Jan,/content/drive/MyDrive/all_images_s2/s2_Cocoa_ID_cBlzvH_2024_01.tif,Cocoa,1
ID_zSyz4h_Jan,2024,Jan,/content/drive/MyDrive/all_images_s2/s2_Cocoa_ID_zSyz4h_2024_01.tif,Cocoa,1
ID_L5xEAS_Jan,2024,Jan,/content/drive/MyDrive/all_images_s2/s2_Cocoa_ID_L5xEAS_2024_01.tif,Cocoa,1
ID_Wl11WE_Jan,2024,Jan,/content/drive/MyDrive/all_images_s2/s2_Cocoa_ID_Wl11WE_2024_01.tif,Cocoa,1
ID_UoR3kz_Jan,2024,Jan,/content/drive/MyDrive/all_images_s2/s2_Cocoa_ID_UoR3kz_2024_01.tif,Cocoa,1
ID_yBRbYv_Jan,2024,Jan,/content/drive/MyDrive/all_images_s2/s2_Cocoa_ID_yBRbYv_2024_01.tif,Cocoa,1
ID_b4fc27_Jan,2024,Jan,/content/drive/MyDrive/all_images_s2/s2_Cocoa_ID_b4fc27_2024_01.tif,Cocoa,1
ID_q0oFTB_Jan,2024,Jan,/content/drive/MyDrive/all_images_s2/s2_Cocoa_ID_q0oFTB_2024_01.tif,Cocoa,1
ID_YqPoZJ_Jan,2024,Jan,/content/drive/MyDrive/all_images_s2/s2_Cocoa_ID_YqPoZJ_2024_01.tif,Cocoa,1
